"Dist Code","Year","State Code","State Name","Dist Name","RICE AREA (1000 ha)","RICE PRODUCTION (1000 tons)","RICE YIELD (Kg per ha)","WHEAT AREA (1000 ha)","WHEAT PRODUCTION (1000 tons)","WHEAT YIELD (Kg per ha)","PEARL MILLET AREA (1000 ha)","PEARL MILLET PRODUCTION (1000 tons)","PEARL MILLET YIELD (Kg per ha)","MAIZE AREA (1000 ha)","MAIZE PRODUCTION (1000 tons)","MAIZE YIELD (Kg per ha)","CHICKPEA AREA (1000 ha)","CHICKPEA PRODUCTION (1000 tons)","CHICKPEA YIELD (Kg per ha)","PIGEONPEA AREA (1000 ha)","PIGEONPEA PRODUCTION (1000 tons)","PIGEONPEA YIELD (Kg per ha)","MINOR PULSES AREA (1000 ha)","MINOR PULSES PRODUCTION (1000 tons)","MINOR PULSES YIELD (Kg per ha)","GROUNDNUT AREA (1000 ha)","GROUNDNUT PRODUCTION (1000 tons)","GROUNDNUT YIELD (Kg per ha)","SOYABEAN AREA (1000 ha)","SOYABEAN PRODUCTION (1000 tons)","SOYABEAN YIELD (Kg per ha)","SUGARCANE AREA (1000 ha)","SUGARCANE PRODUCTION (1000 tons)","SUGARCANE YIELD (Kg per ha)"
"189","2007","12","Uttar Pradesh","Saharanpur","57.18","129.64","2267.23","152.1","426.7","2805.39","0.0","0.0","0.0","9.07","11.46","1263.51","0.02","0.02","1000.0","0.0","0.0","0.0","6.23","3.16","507.22","4.94","3.32","672.06","0.0","0.0","0.0","219.22","1376.7","6279.99"
"189","2008","12","Uttar Pradesh","Saharanpur","66.74","148.24","2221.16","159.58","464.48","2910.64","0.0","0.0","0.0","9.62","13.87","1441.79","0.03","0.02","666.67","0.0","0.0","0.0","6.87","3.61","525.47","4.99","5.23","1048.1","0.0","0.0","0.0","203.28","1091.87","5371.26"
"189","2009","12","Uttar Pradesh","Saharanpur","77.86","175.38","2252.5","161.46","474.8","2940.67","0.0","0.0","0.0","8.76","9.54","1089.04","0.04","0.02","500.0","0.0","0.0","0.0","6.25","4.11","657.6","4.64","5.37","1157.33","0.0","0.0","0.0","202.87","1199.12","5910.78"
"189","2010","12","Uttar Pradesh","Saharanpur","73.61","150.25","2041.16","157.99","454.26","2875.25","0.0","0.01","0.0","8.72","11.99","1375.0","0.01","0.01","1000.0","0.0","0.0","0.0","5.26","2.68","509.51","4.82","5.67","1176.35","0.0","0.0","0.0","206.31","1251.92","6068.15"
"189","2011","12","Uttar Pradesh","Saharanpur","73.32","162.98","2222.86","156.17","514.9","3297.05","0.0","0.01","0.0","8.57","12.17","1420.07","0.01","0.01","1000.0","0.0","0.0","0.0","5.16","2.99","579.46","4.7","5.86","1246.81","0.0","0.0","0.0","205.04","1193.2","5819.35"
"189","2012","12","Uttar Pradesh","Saharanpur","67.62","172.1","2545.1","153.33","498.57","3251.61","0.0","0.01","0.0","8.56","11.61","1356.31","0.03","0.02","666.67","0.0","0.0","0.0","4.55","3.19","701.1","4.11","4.48","1090.02","0.0","0.0","0.0","209.5","1292.07","6167.4"
"189","2013","12","Uttar Pradesh","Saharanpur","69.58","164.6","2365.62","153.12","497.07","3246.28","0.0","0.0","0.0","7.78","9.64","1239.07","0.01","0.0","0.0","0.0","0.0","0.0","3.04","2.13","700.66","4.81","5.09","1058.21","0.0","0.0","0.0","212.18","1271.89","5994.39"
"189","2014","12","Uttar Pradesh","Saharanpur","75.58","184.64","2442.97","163.14","335.75","2058.05","0.0","0.01","0.0","7.99","11.3","1414.27","0.01","0.0","0.0","0.0","0.0","0.0","0.0","0.0","0.0","4.86","5.02","1032.92","0.0","0.0","0.0","196.76","1247.4","6339.7"
"189","2015","12","Uttar Pradesh","Saharanpur","86.82","196.19","2259.73","158.87","513.21","3230.38","0.0","0.0","0.0","7.78","12.68","1629.82","0.01","0.0","0.0","0.0","0.0","0.0","5.31","4.0","753.63","4.46","5.34","1197.31","0.0","0.0","1000.0","181.12","1140.87","6298.97"
"189","2016","12","Uttar Pradesh","Saharanpur","72.43","172.65","2383.63","158.99","572.66","3601.9","0.0","0.0","2000.0","8.12","13.23","1628.99","0.03","0.03","1033.33","0.0","0.0","0.0","6.1","4.34","711.8","4.5","4.62","1027.32","0.0","0.0","0.0","205.29","1351.93","6585.32"
"189","2017","12","Uttar Pradesh","Saharanpur","70.55","185.44","2628.49","156.61","588.92","3760.46","0.0","0.0","0.0","8.17","13.38","1637.14","0.02","0.01","937.5","0.0","0.0","0.0","5.19","4.51","868.09","4.4","5.01","1136.69","0.0","0.0","0.0","212.7","1535.08","7217.17"
"190","2007","12","Uttar Pradesh","Muzaffarnagar","21.03","52.37","2490.25","120.0","395.3","3294.17","0.01","0.01","1000.0","0.13","0.16","1230.77","0.05","0.03","600.0","0.06","0.05","833.33","3.99","2.36","591.48","0.01","0.01","1000.0","0.0","0.0","0.0","242.43","1593.15","6571.59"
"190","2008","12","Uttar Pradesh","Muzaffarnagar","29.66","70.26","2368.85","129.64","425.09","3279.0","0.0","0.0","0.0","0.13","0.18","1384.62","0.04","0.04","1000.0","0.09","0.06","666.67","3.59","2.06","573.82","0.01","0.01","1000.0","0.0","0.0","0.0","237.74","1415.62","5954.49"
"190","2009","12","Uttar Pradesh","Muzaffarnagar","37.16","96.76","2603.88","138.57","476.81","3440.93","0.0","0.0","0.0","0.16","0.17","1062.5","0.04","0.03","750.0","0.16","0.1","625.0","3.82","2.14","560.21","0.0","0.0","0.0","0.0","0.0","0.0","225.92","1586.66","7023.11"
"190","2010","12","Uttar Pradesh","Muzaffarnagar","36.0","80.52","2236.67","135.98","459.17","3376.75","0.0","0.0","0.0","0.13","0.18","1384.62","0.03","0.02","666.67","0.08","0.06","750.0","3.51","2.14","609.69","0.0","0.0","0.0","0.0","0.0","0.0","230.49","1430.96","6208.34"
"190","2011","12","Uttar Pradesh","Muzaffarnagar","35.44","83.2","2347.63","134.63","529.33","3931.74","0.0","0.0","0.0","0.16","0.22","1375.0","0.03","0.03","1000.0","0.06","0.05","833.33","3.28","2.07","631.1","0.0","0.0","0.0","0.0","0.0","0.0","233.15","1526.55","6547.5"
"190","2012","12","Uttar Pradesh","Muzaffarnagar","35.44","90.35","2549.38","131.45","485.13","3690.6","0.0","0.0","0.0","0.09","0.14","1555.56","0.01","0.02","2000.0","0.03","0.03","1000.0","2.92","2.06","705.48","0.0","0.0","0.0","0.0","0.0","0.0","238.5","1700.94","7131.82"
"190","2013","12","Uttar Pradesh","Muzaffarnagar","30.84","78.09","2532.1","121.63","452.83","3723.01","0.0","0.0","0.0","0.1","0.12","1200.0","0.02","0.01","500.0","0.11","0.1","909.09","1.49","0.81","543.62","0.0","0.0","0.0","0.0","0.0","0.0","238.82","1766.29","7395.91"
"190","2014","12","Uttar Pradesh","Muzaffarnagar","33.7","86.62","2570.33","128.14","370.84","2894.02","0.0","0.0","0.0","0.11","0.15","1363.64","0.0","0.0","0.0","0.02","0.01","500.0","0.0","0.0","0.0","0.0","0.0","0.0","0.0","0.0","0.0","227.21","1676.96","7380.66"
"190","2015","12","Uttar Pradesh","Muzaffarnagar","34.15","86.71","2539.09","136.38","513.21","3763.09","0.0","0.0","0.0","0.16","0.27","1687.5","0.01","0.01","1000.0","0.03","0.02","666.67","2.74","1.46","534.48","0.0","0.0","0.0","0.0","0.0","0.0","226.13","1745.72","7720.0"
"190","2016","12","Uttar Pradesh","Muzaffarnagar","32.18","83.84","2605.58","129.4","543.35","4199.1","0.0","0.0","0.0","0.12","0.18","1586.21","0.03","0.04","1090.91","0.05","0.04","804.35","2.82","2.04","723.98","0.0","0.0","0.0","0.0","0.0","0.0","235.67","1962.08","8325.55"
"190","2017","12","Uttar Pradesh","Muzaffarnagar","32.93","93.32","2833.89","135.26","569.23","4208.48","0.0","0.0","0.0","0.12","0.2","1647.54","0.14","0.15","1050.72","0.06","0.04","728.81","2.28","1.73","761.53","0.0","0.0","1000.0","0.0","0.0","0.0","239.18","2113.77","8837.61"
"191","2007","12","Uttar Pradesh","Meerut","51.86","125.29","2415.89","236.72","827.67","3496.36","4.18","5.96","1424.25","3.22","6.23","1938.07","0.05","0.03","627.62","4.92","3.72","755.85","3.41","2.03","595.17","0.0","0.0","0.0","0.0","0.0","0.0","266.06","1816.67","6828.02"
"191","2008","12","Uttar Pradesh","Meerut","59.47","134.22","2256.98","241.63","899.24","3721.51","2.53","4.6","1820.04","2.9","6.94","2391.89","0.03","0.03","1000.0","5.48","4.21","768.7","3.31","2.21","667.25","0.0","0.0","0.0","0.0","0.0","0.0","256.95","1594.0","6203.55"
"191","2009","12","Uttar Pradesh","Meerut","63.75","164.76","2584.26","244.3","880.05","3602.27","2.67","4.62","1730.9","2.9","5.43","1873.17","0.03","0.03","1000.0","4.88","3.92","803.47","4.82","2.96","613.97","0.0","0.0","0.0","0.0","0.0","0.0","248.08","1641.05","6615.05"
"191","2010","12","Uttar Pradesh","Meerut","65.39","150.13","2295.87","232.38","940.46","4047.15","2.23","3.06","1372.36","2.56","5.68","2217.77","0.04","0.03","793.65","5.33","3.69","691.55","4.42","2.98","673.46","0.0","0.0","0.0","0.0","0.0","0.0","245.71","1570.31","6390.86"
"191","2011","12","Uttar Pradesh","Meerut","65.75","167.52","2547.97","231.57","979.94","4231.74","2.34","3.63","1552.92","2.27","4.79","2111.04","0.03","0.03","1000.0","4.96","3.69","742.65","4.83","3.66","756.6","0.0","0.0","0.0","0.0","0.0","0.0","245.33","1579.46","6438.09"
"191","2012","12","Uttar Pradesh","Meerut","49.51","144.26","2913.95","197.58","898.26","4546.2","2.19","5.08","2321.96","2.18","5.01","2301.83","0.03","0.03","1000.0","4.22","4.03","955.92","4.61","3.51","760.9","0.0","0.0","0.0","0.0","0.0","0.0","253.84","1744.78","6873.45"
"191","2013","12","Uttar Pradesh","Meerut","56.25","155.75","2769.01","222.91","972.08","4360.94","7.95","10.7","1345.62","2.24","5.38","2394.85","0.02","0.02","1000.0","5.94","5.41","911.3","4.12","2.53","613.77","0.0","0.0","0.0","0.0","0.0","0.0","255.67","1842.06","7204.89"
"191","2014","12","Uttar Pradesh","Meerut","60.99","173.28","2841.15","214.56","661.69","3084.02","1.84","3.71","2013.89","1.18","2.56","2172.13","0.01","0.0","0.0","3.04","2.15","708.08","0.0","0.0","0.0","0.0","0.0","0.0","0.0","0.0","0.0","236.33","1783.61","7547.1"
"191","2015","12","Uttar Pradesh","Meerut","68.4","188.14","2750.77","216.44","846.34","3910.32","0.64","1.28","2012.27","1.8","3.16","1757.74","0.02","0.01","500.0","2.44","1.76","723.08","5.85","2.64","451.48","0.0","0.0","0.0","0.0","0.0","0.0","235.31","1813.46","7706.78"
"191","2016","12","Uttar Pradesh","Meerut","55.67","142.49","2559.65","219.19","964.37","4399.81","7.11","8.32","1170.38","1.88","3.65","1941.37","0.0","0.0","1000.0","6.54","7.98","1220.15","6.08","4.11","676.03","0.0","0.0","1000.0","0.0","0.0","0.0","251.15","2023.87","8058.24"
"191","2017","12","Uttar Pradesh","Meerut","52.41","145.29","2772.12","219.37","932.17","4249.36","8.4","10.26","1221.52","1.76","4.08","2321.18","0.01","0.01","1000.0","5.51","9.15","1661.03","4.56","4.19","917.47","0.0","0.0","0.0","0.0","0.0","0.0","257.45","2326.51","9036.79"
"192","2007","12","Uttar Pradesh","Buland Shahar","70.21","160.48","2285.74","219.58","779.56","3550.29","8.37","12.84","1534.91","56.22","110.03","1956.94","0.07","0.05","692.52","13.48","11.89","882.15","6.03","3.6","597.09","0.0","0.0","0.0","0.0","0.0","0.0","73.72","447.21","6066.43"
"192","2008","12","Uttar Pradesh","Buland Shahar","74.83","173.89","2323.77","219.76","865.12","3936.71","8.82","15.97","1812.18","55.28","119.56","2162.86","0.06","0.06","1000.0","13.39","10.27","766.81","5.44","3.76","691.44","0.0","0.0","0.0","0.0","0.0","0.0","69.39","386.21","5565.75"
"192","2009","12","Uttar Pradesh","Buland Shahar","90.6","209.3","2310.29","222.22","819.28","3686.87","9.77","19.58","2003.95","54.42","103.08","1894.11","0.05","0.04","808.43","10.44","8.37","801.64","8.21","5.78","704.13","0.0","0.0","0.0","0.0","0.0","0.0","62.57","354.43","5664.37"
"192","2010","12","Uttar Pradesh","Buland Shahar","86.59","196.54","2269.81","225.6","891.36","3950.99","12.25","23.87","1948.6","54.4","112.98","2076.89","0.02","0.02","900.9","11.65","7.7","660.44","5.44","3.89","715.67","0.01","0.01","1000.0","0.0","0.0","0.0","64.08","364.56","5689.29"
"192","2011","12","Uttar Pradesh","Buland Shahar","99.69","239.59","2403.27","223.58","941.05","4208.99","12.49","23.04","1844.36","51.04","112.52","2204.5","0.03","0.04","1333.33","1.47","1.25","855.02","14.11","9.98","707.68","0.0","0.0","0.0","0.0","0.0","0.0","62.34","374.16","6001.97"
"192","2012","12","Uttar Pradesh","Buland Shahar","21.19","58.04","2738.59","53.66","242.18","4513.63","12.46","24.71","1982.85","45.66","107.69","2358.34","0.03","0.04","1333.33","10.19","10.12","992.74","4.89","3.76","769.38","0.01","0.01","1000.0","0.0","0.0","0.0","67.7","415.8","6142.12"
"192","2013","12","Uttar Pradesh","Buland Shahar","105.21","277.84","2640.75","216.94","899.48","4146.14","13.47","27.14","2015.07","41.99","100.42","2391.89","0.09","0.07","777.78","10.13","7.94","783.52","3.92","2.16","551.37","0.0","0.0","0.0","0.0","0.0","0.0","64.65","424.45","6565.13"
"192","2014","12","Uttar Pradesh","Buland Shahar","119.04","308.09","2588.11","220.02","602.07","2736.36","14.1","28.55","2025.14","40.65","94.34","2320.7","0.0","0.0","0.0","7.47","5.97","798.84","0.0","0.0","0.0","0.0","0.0","0.0","0.0","0.0","0.0","58.78","377.83","6427.92"
"192","2015","12","Uttar Pradesh","Buland Shahar","116.05","311.97","2688.13","222.76","855.31","3839.56","14.61","29.11","1991.94","36.94","88.58","2397.77","0.02","0.01","500.0","7.22","5.25","726.55","4.86","3.04","625.56","0.0","0.0","0.0","0.0","0.0","0.0","58.41","392.21","6715.21"
"192","2016","12","Uttar Pradesh","Buland Shahar","93.81","236.88","2525.21","220.53","940.78","4266.06","14.06","26.22","1865.05","48.65","112.76","2317.71","0.07","0.08","1085.71","11.16","6.56","587.89","5.27","3.9","739.37","0.0","0.0","1000.0","0.0","0.0","0.0","58.65","453.85","7738.43"
"192","2017","12","Uttar Pradesh","Buland Shahar","102.1","304.58","2983.12","215.96","968.16","4482.97","15.58","29.91","1919.28","44.28","110.47","2494.89","0.02","0.02","1042.66","6.6","5.85","886.01","6.32","5.92","937.24","0.0","0.0","1000.0","0.0","0.0","0.0","62.79","527.83","8406.44"
"194","2007","12","Uttar Pradesh","Aligarh","59.46","118.6","1994.62","307.36","975.07","3172.4","135.93","252.32","1856.25","30.61","59.16","1932.7","0.13","0.16","1230.77","19.88","19.5","980.89","7.54","3.78","501.33","0.0","0.0","0.0","0.0","0.0","0.0","10.53","58.42","5547.96"
"194","2008","12","Uttar Pradesh","Aligarh","72.73","154.38","2122.65","308.32","1003.09","3253.41","132.96","246.9","1856.95","30.37","74.29","2446.16","0.11","0.11","1000.0","20.92","12.15","580.78","5.85","3.29","562.39","0.01","0.01","1000.0","0.0","0.0","0.0","9.16","52.22","5700.87"
"194","2009","12","Uttar Pradesh","Aligarh","84.21","145.32","1725.69","311.61","959.94","3080.58","124.02","224.62","1811.16","26.93","49.76","1847.75","0.07","0.06","857.14","11.15","8.92","800.0","10.9","6.73","617.43","0.02","0.02","1000.0","0.0","0.0","0.0","7.56","42.16","5576.72"
"194","2010","12","Uttar Pradesh","Aligarh","81.9","162.33","1982.05","310.34","1054.14","3396.73","139.24","265.41","1906.13","25.54","50.91","1993.34","0.06","0.05","833.33","17.23","12.43","721.42","8.31","7.25","872.44","0.02","0.02","1000.0","0.0","0.0","0.0","7.75","45.7","5896.77"
"194","2011","12","Uttar Pradesh","Aligarh","106.14","229.88","2165.82","302.27","1104.79","3654.98","134.05","254.88","1901.38","21.02","42.7","2031.4","0.04","0.04","1000.0","14.6","10.92","747.95","8.21","8.51","1036.54","0.03","0.03","1000.0","0.0","0.0","0.0","7.6","45.94","6044.74"
"194","2012","12","Uttar Pradesh","Aligarh","39.59","96.75","2443.8","153.7","551.16","3585.95","136.7","314.19","2298.39","19.88","51.14","2572.43","0.03","0.04","1333.33","12.18","13.57","1114.12","7.8","6.91","885.9","0.03","0.03","1000.0","0.0","0.0","0.0","11.12","68.42","6152.88"
"194","2013","12","Uttar Pradesh","Aligarh","110.75","250.83","2264.83","304.52","1120.18","3678.51","131.67","352.36","2676.08","14.66","42.51","2899.73","0.04","0.02","500.0","11.78","14.77","1253.82","3.07","4.61","1501.63","0.07","0.06","857.14","0.0","0.0","0.0","7.63","46.48","6091.74"
"194","2014","12","Uttar Pradesh","Aligarh","119.89","258.96","2159.98","305.4","738.51","2418.17","120.73","256.07","2121.01","18.46","39.19","2122.97","0.0","0.0","0.0","9.79","8.49","867.21","0.0","0.0","0.0","0.01","0.01","1000.0","0.0","0.0","0.0","6.74","40.29","5977.74"
"194","2015","12","Uttar Pradesh","Aligarh","113.81","257.09","2258.94","292.48","975.22","3334.31","132.17","282.57","2137.93","19.42","44.88","2311.02","0.03","0.02","666.67","9.95","8.44","848.24","11.69","5.32","455.04","0.04","0.03","750.0","0.0","0.0","0.0","5.34","32.9","6162.93"
"194","2016","12","Uttar Pradesh","Aligarh","101.27","248.94","2458.22","296.82","1188.1","4002.79","128.32","276.82","2157.39","23.83","53.91","2262.15","0.05","0.06","1090.91","22.74","20.44","898.69","9.32","5.57","597.73","0.08","0.07","902.44","0.0","0.0","0.0","4.06","27.27","6716.21"
"194","2017","12","Uttar Pradesh","Aligarh","107.56","278.09","2585.37","306.2","1273.52","4159.11","135.34","319.47","2360.47","21.94","56.84","2590.54","0.06","0.07","1046.88","10.43","7.95","761.84","8.78","7.32","834.32","0.03","0.03","1000.0","0.0","0.0","0.0","7.87","58.54","7437.54"
"195","2007","12","Uttar Pradesh","Mathura","40.63","98.87","2433.42","191.31","699.77","3657.78","42.8","58.72","1371.96","0.21","0.39","1857.14","0.02","0.03","1500.0","2.47","2.45","991.9","1.73","1.19","687.86","0.0","0.0","0.0","0.0","0.0","0.0","5.61","27.18","4844.92"
"195","2008","12","Uttar Pradesh","Mathura","42.81","113.18","2643.77","191.44","731.44","3820.73","41.67","57.28","1374.61","0.16","0.37","2312.5","0.03","0.03","1000.0","2.45","1.94","791.84","1.72","1.29","750.0","0.0","0.0","0.0","0.0","0.0","0.0","5.49","24.1","4389.8"
"195","2009","12","Uttar Pradesh","Mathura","45.46","97.43","2143.2","192.15","619.83","3225.76","40.78","42.94","1052.97","0.09","0.15","1666.67","0.03","0.03","1000.0","1.76","1.17","664.77","1.94","1.6","824.74","0.0","0.0","0.0","0.0","0.0","0.0","4.98","21.53","4323.29"
"195","2010","12","Uttar Pradesh","Mathura","42.27","90.07","2130.83","194.72","730.03","3749.13","41.63","51.04","1226.04","0.22","0.49","2227.27","0.02","0.04","2000.0","2.25","1.3","577.78","1.82","1.3","714.29","0.01","0.01","1000.0","0.0","0.0","0.0","4.38","22.27","5084.47"
"195","2011","12","Uttar Pradesh","Mathura","48.02","108.63","2262.18","196.3","723.89","3687.67","41.23","56.17","1362.36","0.19","0.47","2473.68","0.02","0.04","2000.0","2.08","1.74","836.54","2.0","1.42","710.0","0.0","0.0","0.0","0.0","0.0","0.0","0.86","4.06","4720.93"
"195","2012","12","Uttar Pradesh","Mathura","19.3","54.73","2835.75","99.5","368.84","3706.93","38.87","52.43","1348.86","0.17","0.45","2647.06","0.02","0.03","1500.0","1.75","1.97","1125.71","1.95","1.72","882.05","0.0","0.0","0.0","0.0","0.0","0.0","0.86","3.88","4511.63"
"195","2013","12","Uttar Pradesh","Mathura","52.65","126.58","2404.18","194.36","677.55","3486.06","43.28","66.65","1539.97","0.15","0.39","2600.0","0.02","0.03","1500.0","1.82","2.3","1263.74","0.25","0.15","600.0","0.0","0.0","0.0","0.0","0.0","0.0","0.59","2.81","4762.71"
"195","2014","12","Uttar Pradesh","Mathura","49.4","114.76","2323.08","194.21","407.85","2100.05","39.39","51.44","1305.92","0.25","0.61","2440.0","0.02","0.02","1000.0","2.07","2.3","1111.11","0.0","0.0","0.0","0.0","0.0","0.0","0.0","0.0","0.0","0.99","4.17","4212.12"
"195","2015","12","Uttar Pradesh","Mathura","48.72","108.36","2224.14","178.83","617.51","3453.06","43.47","63.67","1464.69","0.2","0.53","2650.0","0.02","0.01","500.0","2.05","2.1","1024.39","2.45","1.76","718.3","0.0","0.0","0.0","0.0","0.0","0.0","0.74","3.47","4670.35"
"195","2016","12","Uttar Pradesh","Mathura","47.92","110.88","2313.99","194.29","797.35","4104.0","42.31","59.44","1404.99","0.16","0.43","2751.59","0.0","0.0","0.0","3.67","2.76","750.75","2.44","0.81","331.29","0.0","0.0","0.0","0.0","0.0","0.0","0.29","1.58","5360.0"
"195","2017","12","Uttar Pradesh","Mathura","46.13","83.54","1811.0","200.42","704.48","3515.0","37.59","64.58","1717.99","0.15","0.42","2856.16","0.03","0.05","1896.55","1.28","0.95","746.09","2.17","1.06","488.69","0.0","0.0","0.0","0.0","0.0","0.0","0.52","2.96","5668.45"
"196","2007","12","Uttar Pradesh","Agra","6.86","19.09","2782.03","172.82","549.39","3178.89","131.2","175.39","1336.86","2.89","7.2","2491.7","1.85","2.5","1356.86","1.52","1.67","1103.18","1.95","1.33","682.57","0.01","0.01","750.0","0.0","0.0","0.0","0.31","1.6","5184.54"
"196","2008","12","Uttar Pradesh","Agra","10.72","28.65","2673.14","171.33","569.43","3323.67","129.37","214.69","1659.48","3.2","8.43","2637.16","1.85","1.85","998.17","1.32","1.05","798.97","1.96","1.62","826.81","0.03","0.01","503.7","0.0","0.0","0.0","0.2","0.89","4377.45"
"196","2009","12","Uttar Pradesh","Agra","11.26","27.05","2401.56","172.08","553.83","3218.5","131.95","219.17","1661.0","2.93","7.07","2412.03","1.74","1.44","825.67","1.75","1.5","859.33","1.6","1.07","670.53","0.01","0.01","666.67","0.0","0.0","0.0","0.16","0.67","4277.35"
"196","2010","12","Uttar Pradesh","Agra","11.41","28.01","2453.39","175.43","647.75","3692.45","138.22","250.55","1812.7","2.91","6.94","2383.35","1.43","2.65","1854.72","1.14","0.8","697.93","2.18","2.48","1134.88","0.01","0.01","1000.0","0.0","0.0","0.0","0.17","0.88","5077.1"
"196","2011","12","Uttar Pradesh","Agra","12.25","33.03","2695.22","171.6","667.77","3891.52","140.41","297.63","2119.62","3.1","8.48","2738.97","1.13","1.72","1522.15","1.55","1.31","840.15","2.26","2.71","1196.15","0.05","0.05","937.27","0.0","0.0","0.0","0.15","0.74","4804.94"
"196","2012","12","Uttar Pradesh","Agra","10.15","27.68","2726.38","167.92","642.3","3825.01","137.48","297.79","2166.01","3.16","8.1","2562.68","1.74","3.13","1800.39","1.48","1.68","1134.06","2.53","3.06","1206.4","0.03","0.03","1000.0","0.0","0.0","0.0","0.35","1.57","4509.78"
"196","2013","12","Uttar Pradesh","Agra","16.03","42.66","2660.53","165.16","608.95","3686.93","142.23","340.77","2395.94","2.47","7.77","3144.66","1.65","3.11","1888.23","1.3","1.65","1268.73","2.05","1.93","941.65","0.08","0.13","1695.65","0.0","0.0","0.0","0.31","1.47","4731.83"
"196","2014","12","Uttar Pradesh","Agra","18.09","43.48","2403.74","169.28","391.93","2315.32","143.78","301.15","2094.56","4.04","10.23","2535.95","0.69","0.78","1131.05","0.97","1.05","1083.66","0.0","0.0","0.0","0.05","0.1","2000.0","0.0","0.0","0.0","0.19","0.78","4070.23"
"196","2015","12","Uttar Pradesh","Agra","17.4","41.72","2397.9","154.3","499.81","3239.22","153.45","296.5","1932.22","3.27","8.22","2512.51","0.62","0.44","713.46","0.81","0.57","704.87","3.58","2.4","671.04","0.07","0.11","1501.34","0.0","0.0","0.0","0.26","1.24","4670.54"
"196","2016","12","Uttar Pradesh","Agra","13.08","34.16","2611.16","163.07","655.48","4019.67","139.64","339.04","2428.04","3.94","10.3","2614.79","2.69","5.03","1869.59","1.87","1.68","899.86","3.57","2.92","818.19","0.04","0.11","2492.06","0.0","0.0","0.0","0.17","0.9","5360.0"
"196","2017","12","Uttar Pradesh","Agra","12.91","34.08","2638.98","169.78","664.45","3913.58","150.99","358.57","2374.8","2.64","7.38","2800.44","1.13","2.15","1900.56","1.39","1.72","1237.5","1.86","1.81","974.18","0.14","0.16","1117.92","0.0","0.0","0.0","0.29","1.67","5668.29"
"197","2007","12","Uttar Pradesh","Mainpuri","93.78","233.54","2490.35","213.89","682.11","3189.13","57.12","102.03","1786.12","57.92","130.15","2247.21","1.63","2.21","1349.6","1.24","1.24","994.69","9.89","8.15","824.01","0.55","0.32","585.29","0.0","0.0","0.0","0.56","2.96","5272.5"
"197","2008","12","Uttar Pradesh","Mainpuri","101.04","259.08","2564.07","212.96","720.12","3381.41","56.86","116.92","2056.33","62.3","149.71","2402.92","1.39","1.38","995.24","1.44","1.15","795.4","7.76","7.17","923.92","0.24","0.18","725.93","0.0","0.0","0.0","0.52","2.26","4374.03"
"197","2009","12","Uttar Pradesh","Mainpuri","61.42","150.66","2453.09","228.75","752.7","3290.45","60.7","120.76","1989.48","38.01","71.13","1871.4","1.26","1.04","828.05","2.35","2.23","947.21","7.54","6.53","867.08","0.62","0.4","650.53","0.0","0.0","0.0","0.48","2.08","4303.23"
"197","2010","12","Uttar Pradesh","Mainpuri","77.41","189.67","2450.29","228.54","807.99","3535.37","59.37","117.51","1979.26","50.18","110.29","2197.97","1.1","2.0","1816.27","1.42","0.98","693.2","8.84","11.34","1283.5","0.89","0.88","988.76","0.0","0.0","0.0","0.57","2.89","5099.97"
"197","2011","12","Uttar Pradesh","Mainpuri","76.91","198.63","2582.8","216.97","801.54","3694.18","66.25","150.09","2265.72","48.21","123.76","2566.89","1.22","1.85","1516.35","1.95","1.62","834.74","8.37","10.48","1252.92","1.51","1.49","988.98","0.0","0.0","0.0","0.49","2.32","4773.76"
"197","2012","12","Uttar Pradesh","Mainpuri","72.72","194.12","2669.52","218.23","792.18","3630.04","59.67","137.21","2299.61","47.5","126.96","2672.67","1.19","2.15","1804.47","1.91","2.15","1126.49","8.73","9.88","1132.6","1.75","1.74","994.27","0.0","0.0","0.0","0.65","2.94","4510.12"
"197","2013","12","Uttar Pradesh","Mainpuri","79.43","211.23","2659.47","217.2","811.4","3735.8","64.8","151.74","2341.59","45.75","122.85","2685.3","1.6","3.02","1884.03","1.9","2.4","1263.51","2.68","3.73","1392.18","1.58","2.73","1724.24","0.0","0.0","0.0","0.65","3.12","4804.93"
"197","2014","12","Uttar Pradesh","Mainpuri","88.63","228.38","2576.74","214.38","473.46","2208.47","71.17","156.67","2201.26","57.9","148.57","2565.71","1.12","1.26","1124.62","1.53","1.68","1097.25","0.0","0.0","0.0","0.9","1.79","1988.88","0.0","0.0","0.0","0.42","1.74","4158.87"
"197","2015","12","Uttar Pradesh","Mainpuri","88.43","229.4","2594.1","226.6","752.11","3319.1","64.76","143.26","2212.19","54.55","154.13","2825.56","1.25","0.89","710.13","1.36","0.92","675.71","9.46","7.84","829.53","2.89","4.56","1579.68","0.0","0.0","0.0","0.43","2.02","4670.45"
"197","2016","12","Uttar Pradesh","Mainpuri","78.27","197.92","2528.67","216.63","855.05","3946.96","65.0","157.36","2421.1","47.93","142.07","2964.07","1.24","2.33","1869.62","2.36","2.12","900.03","9.36","10.1","1078.37","1.36","3.39","2492.89","0.0","0.0","0.0","0.49","2.64","5359.96"
"197","2017","12","Uttar Pradesh","Mainpuri","76.61","226.59","2957.82","214.11","881.11","4115.28","73.53","176.74","2403.72","45.71","140.49","3073.28","0.86","1.64","1900.19","1.44","1.78","1237.91","8.26","9.06","1096.72","0.52","0.59","1118.36","0.0","0.0","0.0","0.51","2.92","5668.39"
"198","2007","12","Uttar Pradesh","Etah","38.2","86.67","2268.85","227.61","640.21","2812.75","81.88","158.49","1935.64","59.17","115.05","1944.4","0.96","1.3","1354.17","5.18","4.83","932.43","9.96","7.53","756.02","0.89","0.52","584.27","0.0","0.0","0.0","8.77","45.94","5238.31"
"198","2008","12","Uttar Pradesh","Etah","38.18","84.68","2217.92","229.95","738.41","3211.18","68.81","125.73","1827.21","63.13","130.28","2063.68","0.91","0.9","989.01","5.85","5.67","969.23","8.93","6.32","707.73","0.28","0.19","678.57","0.0","0.0","0.0","7.43","35.08","4721.4"
"198","2009","12","Uttar Pradesh","Etah","34.48","74.15","2150.52","231.19","693.82","3001.08","69.13","140.44","2031.53","55.12","111.68","2026.12","0.77","0.63","818.18","2.11","2.9","1374.41","12.03","9.46","786.37","0.18","0.12","666.67","0.0","0.0","0.0","5.78","31.01","5365.05"
"198","2010","12","Uttar Pradesh","Etah","35.85","76.18","2124.97","231.84","766.17","3304.74","82.44","158.41","1921.52","59.53","111.62","1875.02","0.54","0.47","870.37","5.3","6.41","1209.43","10.21","9.15","896.18","0.26","0.26","1000.0","0.0","0.0","0.0","7.37","36.14","4903.66"
"198","2011","12","Uttar Pradesh","Etah","34.46","87.99","2553.4","231.0","822.95","3562.55","82.07","213.95","2606.92","59.27","148.81","2510.71","0.65","0.77","1184.62","3.4","3.48","1023.53","9.8","11.64","1187.76","0.45","0.44","977.78","0.0","0.0","0.0","7.5","42.36","5648.0"
"198","2012","12","Uttar Pradesh","Etah","20.83","56.04","2690.35","229.1","837.2","3654.3","85.03","240.76","2831.47","59.59","164.76","2764.89","0.75","0.83","1106.67","3.23","3.99","1235.29","10.1","10.2","1009.9","0.63","0.63","1000.0","0.0","0.0","0.0","7.3","42.86","5871.23"
"198","2013","12","Uttar Pradesh","Etah","36.32","82.98","2284.69","231.44","827.84","3576.91","82.34","251.11","3049.67","57.2","167.21","2923.25","0.31","0.13","419.35","3.76","5.21","1385.64","8.61","12.08","1403.02","0.61","0.54","885.25","0.0","0.0","0.0","7.74","48.0","6201.55"
"198","2014","12","Uttar Pradesh","Etah","37.39","86.02","2300.62","232.25","494.01","2127.06","94.75","305.78","3227.23","60.0","182.71","3045.17","0.1","0.03","300.0","1.83","2.12","1158.47","0.0","0.0","0.0","0.97","0.84","865.98","0.0","0.0","0.0","7.68","42.52","5536.46"
"198","2015","12","Uttar Pradesh","Etah","47.21","79.57","1685.45","231.21","688.46","2977.64","103.72","260.7","2513.5","71.17","177.53","2494.45","0.04","0.02","500.0","3.15","2.97","942.86","15.9","9.36","588.62","1.42","0.96","676.06","0.0","0.0","0.0","6.73","41.09","6102.09"
"198","2016","12","Uttar Pradesh","Etah","32.5","76.61","2356.95","231.18","881.05","3811.06","89.25","202.34","2266.98","67.65","167.66","2478.33","0.28","0.31","1084.51","4.13","3.7","896.88","10.3","7.22","700.5","1.16","1.05","904.06","0.0","0.0","0.0","7.25","46.46","6405.02"
"198","2017","12","Uttar Pradesh","Etah","28.79","71.3","2476.44","229.73","904.14","3935.72","88.82","209.92","2363.4","56.52","145.04","2566.42","0.26","0.27","1046.88","4.16","3.16","759.25","9.9","7.73","781.04","0.75","0.76","1013.3","0.0","0.0","0.0","7.2","53.36","7414.21"
"199","2007","12","Uttar Pradesh","Bareilly","152.82","293.46","1920.3","191.26","540.42","2825.58","11.19","12.77","1141.2","0.26","0.43","1653.85","0.01","0.0","0.0","0.05","0.05","1000.0","11.4","9.55","837.72","0.3","0.23","766.67","0.07","0.05","714.29","97.51","546.01","5599.53"
"199","2008","12","Uttar Pradesh","Bareilly","176.56","310.03","1755.95","208.16","620.36","2980.21","8.54","10.7","1252.93","0.23","0.42","1826.09","0.01","0.01","1000.0","0.07","0.06","857.14","11.25","9.71","863.11","0.18","0.1","555.56","0.02","0.02","1000.0","75.94","383.52","5050.3"
"199","2009","12","Uttar Pradesh","Bareilly","163.08","290.13","1779.07","212.16","591.88","2789.78","10.18","14.2","1394.89","0.26","0.44","1692.31","0.01","0.01","1000.0","0.08","0.06","750.0","12.9","11.78","913.18","0.28","0.25","892.86","0.0","0.0","0.0","62.68","374.29","5971.44"
"199","2010","12","Uttar Pradesh","Bareilly","165.69","273.45","1650.37","212.91","618.97","2907.19","10.08","12.97","1286.71","0.28","0.47","1678.57","0.02","0.02","1000.0","0.06","0.05","833.33","17.33","13.86","799.77","0.36","0.33","916.67","0.03","0.04","1333.33","71.9","409.11","5689.99"
"199","2011","12","Uttar Pradesh","Bareilly","162.32","407.37","2509.67","209.08","681.59","3259.95","8.23","12.38","1504.25","0.23","0.42","1826.09","0.02","0.02","1000.0","2.34","2.62","1119.66","14.17","15.18","1071.28","0.53","0.72","1358.49","0.0","0.0","0.0","82.73","476.83","5763.69"
"199","2012","12","Uttar Pradesh","Bareilly","83.83","191.38","2282.95","230.27","765.4","3323.92","8.37","12.01","1434.89","0.33","0.68","2060.61","0.02","0.02","1000.0","0.05","0.05","1000.0","17.11","14.74","861.48","0.55","0.8","1454.55","0.03","0.04","1333.33","96.52","604.7","6265.02"
"199","2013","12","Uttar Pradesh","Bareilly","162.92","366.56","2249.94","200.05","630.35","3150.96","7.46","9.28","1243.97","0.46","0.94","2043.48","0.02","0.01","500.0","0.04","0.04","1000.0","7.28","6.57","902.47","0.3","0.34","1133.33","0.0","0.0","0.0","94.01","578.71","6155.83"
"199","2014","12","Uttar Pradesh","Bareilly","163.95","337.57","2058.98","212.6","395.01","1858.0","7.98","8.61","1078.95","0.47","0.84","1787.23","0.0","0.0","0.0","0.02","0.02","1000.0","0.0","0.0","0.0","0.36","0.48","1333.33","0.0","0.0","0.0","99.21","612.01","6168.83"
"199","2015","12","Uttar Pradesh","Bareilly","158.63","327.41","2063.99","209.61","614.16","2930.01","8.6","18.04","2097.67","0.69","1.25","1811.59","0.0","0.0","0.0","0.01","0.0","0.0","14.02","6.93","494.33","0.43","1.07","2488.37","0.01","0.0","200.0","84.85","530.98","6258.0"
"199","2016","12","Uttar Pradesh","Bareilly","160.28","358.38","2236.0","214.08","782.67","3656.0","6.69","9.84","1470.04","0.95","1.87","1971.52","0.01","0.01","1166.67","2.66","2.18","819.17","11.08","9.47","854.64","1.24","1.54","1242.13","0.0","0.0","0.0","94.89","656.18","6914.8"
"199","2017","12","Uttar Pradesh","Bareilly","145.23","357.42","2460.99","195.12","716.28","3671.0","7.21","11.59","1607.94","0.26","0.58","2243.24","0.02","0.02","1052.63","0.04","0.03","916.67","12.04","14.76","1225.76","0.9","1.33","1477.25","0.0","0.0","0.0","96.96","776.6","8009.2"
"200","2007","12","Uttar Pradesh","Budaun","80.74","144.08","1784.49","296.65","845.03","2848.58","159.97","238.77","1492.59","10.06","17.25","1714.71","0.09","0.07","777.78","0.63","0.55","873.02","28.43","24.97","878.3","0.53","0.4","754.72","0.0","0.0","0.0","27.9","162.21","5813.98"
"200","2008","12","Uttar Pradesh","Budaun","87.28","153.87","1762.95","299.87","958.82","3197.45","138.82","208.35","1500.86","12.72","24.05","1890.72","0.1","0.1","1000.0","0.59","0.51","864.41","21.3","19.45","913.15","0.31","0.17","548.39","0.0","0.0","0.0","22.89","136.97","5983.84"
"200","2009","12","Uttar Pradesh","Budaun","68.67","138.03","2010.05","316.36","1097.19","3468.17","165.91","314.68","1896.69","13.8","25.3","1833.33","0.12","0.1","833.33","1.03","0.82","796.12","26.55","20.46","770.62","0.34","0.31","911.76","0.0","0.0","0.0","21.9","138.13","6307.31"
"200","2010","12","Uttar Pradesh","Budaun","76.87","144.91","1885.13","315.99","1072.88","3395.3","156.62","280.95","1793.83","13.37","25.92","1938.67","0.12","0.1","833.33","0.87","0.7","804.6","29.62","33.1","1117.49","0.52","0.49","942.31","0.0","0.0","0.0","25.54","140.74","5510.57"
"200","2011","12","Uttar Pradesh","Budaun","94.4","203.28","2153.34","295.17","1038.52","3518.34","129.56","213.66","1649.16","12.36","23.91","1934.97","0.07","0.08","1135.5","0.01","0.01","1000.0","47.5","49.8","1048.57","0.46","0.63","1366.54","0.0","0.0","0.0","33.91","208.07","6136.77"
"200","2012","12","Uttar Pradesh","Budaun","63.44","119.9","1889.91","207.14","514.28","2482.79","126.68","218.71","1726.45","12.23","23.42","1914.79","0.01","0.01","1000.0","1.37","1.32","961.48","47.26","44.38","939.21","0.68","0.99","1455.88","0.0","0.0","0.0","43.26","252.69","5841.58"
"200","2013","12","Uttar Pradesh","Budaun","95.23","211.3","2218.83","298.54","1081.6","3622.91","137.53","245.35","1784.04","10.75","22.84","2124.43","0.07","0.03","428.57","0.44","0.4","889.84","47.14","41.25","875.09","0.38","0.45","1182.39","0.0","0.0","0.0","35.88","220.2","6136.68"
"200","2014","12","Uttar Pradesh","Budaun","94.6","196.03","2072.08","310.1","645.78","2082.46","150.03","248.91","1659.07","14.38","29.27","2035.02","0.03","0.01","295.86","0.5","0.34","692.49","0.0","0.0","0.0","0.38","0.35","921.83","0.0","0.0","0.0","40.62","244.48","6019.37"
"200","2015","12","Uttar Pradesh","Budaun","79.57","152.86","1920.98","303.0","870.15","2871.82","147.76","240.39","1626.9","20.53","38.17","1859.63","0.01","0.0","0.0","0.5","0.33","655.82","47.03","33.14","704.67","0.24","0.26","1056.6","0.0","0.0","0.0","32.53","214.5","6593.42"
"200","2016","12","Uttar Pradesh","Budaun","84.13","179.89","2138.13","285.47","1000.87","3506.09","118.41","214.77","1813.83","19.61","39.65","2021.79","0.19","0.21","1088.08","2.99","2.48","830.12","66.06","46.25","700.12","0.53","0.55","1051.39","0.0","0.0","0.0","38.31","267.92","6993.31"
"200","2017","12","Uttar Pradesh","Budaun","88.35","188.48","2133.41","276.29","1013.67","3668.8","121.14","182.84","1509.32","10.44","23.45","2245.27","0.03","0.04","1060.61","0.31","0.25","798.13","49.53","34.16","689.76","0.53","0.78","1474.13","0.0","0.0","0.0","44.53","331.78","7450.44"
"201","2007","12","Uttar Pradesh","Moradabad","155.34","359.25","2312.67","287.56","851.54","2961.26","39.41","49.13","1246.64","5.26","7.17","1363.12","0.01","0.01","1000.0","1.04","0.85","817.31","20.29","16.85","830.46","0.01","0.01","1000.0","0.0","0.0","0.0","148.66","827.14","5563.97"
"201","2008","12","Uttar Pradesh","Moradabad","162.96","353.13","2166.97","297.84","956.31","3210.82","37.4","39.85","1065.51","5.32","7.31","1374.06","0.09","0.1","1111.11","1.0","0.76","760.0","18.4","16.42","892.39","0.11","0.11","1000.0","0.0","0.0","0.0","139.68","767.8","5496.85"
"201","2009","12","Uttar Pradesh","Moradabad","156.94","357.45","2277.62","297.46","878.56","2953.54","45.03","55.09","1223.41","5.47","8.23","1504.57","0.02","0.01","500.0","1.08","0.72","666.67","22.45","20.13","896.66","0.02","0.01","500.0","0.0","0.0","0.0","133.81","784.34","5861.6"
"201","2010","12","Uttar Pradesh","Moradabad","158.55","288.11","1817.16","297.66","936.01","3144.56","39.49","43.48","1101.04","4.82","5.74","1190.87","0.02","0.02","1000.0","0.85","0.63","741.18","22.92","20.74","904.89","0.01","0.01","1000.0","0.0","0.0","0.0","136.73","790.15","5778.91"
"201","2011","12","Uttar Pradesh","Moradabad","141.48","293.56","2074.95","299.27","951.52","3179.51","53.77","73.73","1371.13","5.03","8.45","1678.83","0.03","0.03","1000.0","0.33","0.26","787.88","18.25","16.89","925.11","0.01","0.01","1000.0","0.0","0.0","0.0","140.42","828.51","5900.04"
"201","2012","12","Uttar Pradesh","Moradabad","135.89","311.32","2291.01","295.48","931.38","3152.06","51.21","60.67","1184.8","5.71","6.37","1115.82","0.05","0.06","1216.45","0.52","0.43","832.11","19.9","17.48","878.05","0.0","0.0","0.0","0.0","0.0","0.0","152.61","967.84","6341.8"
"201","2013","12","Uttar Pradesh","Moradabad","148.26","324.39","2187.98","301.38","1004.75","3333.88","51.48","68.36","1327.75","4.17","6.26","1501.8","0.03","0.01","333.33","0.98","0.87","896.43","19.11","16.71","874.32","0.01","0.01","1000.0","0.0","0.0","0.0","140.7","939.34","6676.32"
"201","2014","12","Uttar Pradesh","Moradabad","133.38","316.45","2372.63","302.74","565.87","1869.19","54.75","79.81","1457.71","6.16","11.19","1817.54","0.17","0.05","300.84","0.52","0.33","642.01","0.0","0.0","0.0","0.01","0.01","1000.0","0.0","0.0","0.0","138.68","938.5","6767.16"
"201","2015","12","Uttar Pradesh","Moradabad","139.57","323.42","2317.32","298.53","908.28","3042.47","51.74","75.21","1453.6","13.92","26.76","1921.81","0.05","0.02","400.0","0.97","0.64","661.93","20.74","14.24","686.54","0.01","0.01","2000.0","0.0","0.0","0.0","145.44","989.02","6800.17"
"201","2016","12","Uttar Pradesh","Moradabad","143.02","320.77","2242.87","296.22","1038.75","3506.66","47.6","70.34","1477.87","6.33","12.86","2033.47","0.02","0.02","1105.26","0.81","0.88","1080.75","18.88","15.78","835.54","0.0","0.0","1000.0","0.0","0.0","0.0","141.93","1025.06","7222.39"
"201","2017","12","Uttar Pradesh","Moradabad","140.63","327.24","2326.88","300.44","1101.13","3665.08","50.76","69.72","1373.43","5.64","12.08","2143.43","0.0","0.0","1250.0","0.81","0.6","739.27","14.18","11.67","823.04","0.0","0.0","1000.0","0.0","0.0","0.0","142.64","1171.08","8209.79"
"202","2007","12","Uttar Pradesh","Shahjahanpur","216.26","518.33","2396.79","255.92","924.69","3613.2","3.2","3.75","1171.87","2.52","4.14","1642.86","0.28","0.2","714.29","0.29","0.26","896.55","30.9","29.03","939.48","5.71","4.28","749.56","0.03","0.02","666.67","37.87","200.24","5287.56"
"202","2008","12","Uttar Pradesh","Shahjahanpur","213.17","482.19","2262.0","255.28","920.04","3604.04","3.31","4.55","1374.62","2.28","4.38","1921.05","0.15","0.15","1000.0","0.31","0.27","870.97","31.19","24.15","774.29","5.94","3.17","533.67","0.02","0.02","1000.0","39.59","208.86","5275.57"
"202","2009","12","Uttar Pradesh","Shahjahanpur","201.51","533.47","2647.36","252.67","904.6","3580.16","5.05","6.8","1346.53","1.95","3.72","1907.69","0.08","0.07","875.0","0.63","0.5","793.65","32.19","23.01","714.82","4.71","4.18","887.47","0.0","0.0","0.0","37.57","214.25","5702.69"
"202","2010","12","Uttar Pradesh","Shahjahanpur","201.47","430.75","2138.04","252.14","906.58","3595.54","4.91","6.4","1303.46","1.84","3.17","1722.83","0.06","0.05","833.33","0.24","0.2","833.33","32.35","19.89","614.84","4.69","4.41","940.3","0.11","0.15","1363.64","37.71","212.41","5632.72"
"202","2011","12","Uttar Pradesh","Shahjahanpur","213.18","555.12","2604.0","257.2","993.15","3861.39","3.69","4.52","1224.93","2.34","3.25","1388.89","0.07","0.08","1142.86","0.23","0.22","956.52","41.31","31.93","772.94","4.28","4.86","1135.51","0.02","0.02","1000.0","38.88","230.04","5916.67"
"202","2012","12","Uttar Pradesh","Shahjahanpur","161.54","447.63","2771.02","136.89","494.32","3611.07","3.58","3.43","958.1","1.78","3.37","1893.26","0.08","0.09","1125.0","0.2","0.2","1000.0","40.41","35.73","884.19","4.28","3.27","764.02","0.02","0.03","1500.0","46.09","282.97","6139.51"
"202","2013","12","Uttar Pradesh","Shahjahanpur","198.11","531.71","2683.91","255.24","934.69","3662.0","3.2","4.01","1253.13","1.59","1.76","1106.92","0.1","0.04","400.0","1.46","1.28","876.71","27.76","22.24","801.15","4.69","6.91","1473.35","0.02","0.01","500.0","40.14","244.47","6090.43"
"202","2014","12","Uttar Pradesh","Shahjahanpur","209.33","587.16","2804.95","260.46","517.02","1985.03","4.17","6.8","1630.7","1.98","2.25","1136.36","0.07","0.02","285.71","0.15","0.11","733.33","0.0","0.0","0.0","3.66","4.09","1117.49","0.0","0.0","0.0","42.2","285.09","6755.69"
"202","2015","12","Uttar Pradesh","Shahjahanpur","155.99","491.22","3149.05","253.36","889.04","3509.0","2.93","4.5","1535.84","1.48","2.01","1358.11","0.13","0.08","615.38","0.1","0.07","700.0","10.65","7.78","730.54","3.6","4.17","1158.33","0.0","0.0","250.0","59.23","397.55","6712.4"
"202","2016","12","Uttar Pradesh","Shahjahanpur","210.85","627.06","2974.0","250.68","1054.36","4206.0","3.57","5.06","1418.04","2.25","4.29","1908.77","0.06","0.07","1080.65","0.23","0.19","820.96","34.39","37.04","1077.18","4.45","5.62","1264.1","0.02","0.01","666.67","39.82","297.02","7459.2"
"202","2017","12","Uttar Pradesh","Shahjahanpur","210.76","686.88","3259.0","247.7","989.81","3996.0","3.38","5.26","1556.02","2.3","4.91","2131.13","0.19","0.2","1047.62","0.31","0.28","909.39","33.83","30.53","902.23","3.87","5.71","1477.11","0.02","0.01","777.78","45.74","371.08","8113.2"
"203","2007","12","Uttar Pradesh","Pilibhit","150.4","429.23","2853.92","148.15","547.42","3695.04","0.02","0.02","1000.0","0.3","0.5","1666.67","0.0","0.0","0.0","0.04","0.04","1000.0","3.22","3.17","984.47","0.82","0.62","756.1","0.01","0.0","0.0","73.02","409.63","5609.83"
"203","2008","12","Uttar Pradesh","Pilibhit","162.54","392.37","2413.99","162.8","591.89","3635.69","0.0","0.0","0.0","0.36","0.66","1833.33","0.0","0.0","0.0","0.01","0.01","1000.0","3.2","2.98","931.25","0.54","0.29","537.04","0.02","0.02","1000.0","56.0","291.53","5205.89"
"203","2009","12","Uttar Pradesh","Pilibhit","163.42","424.58","2598.09","159.17","538.1","3380.66","0.01","0.01","1000.0","0.2","0.34","1700.0","0.0","0.0","0.0","0.02","0.02","1000.0","4.16","3.7","889.42","0.39","0.34","871.79","0.0","0.0","0.0","48.33","316.94","6557.83"
"203","2010","12","Uttar Pradesh","Pilibhit","162.79","404.65","2485.72","154.19","584.36","3789.87","0.0","0.0","0.0","0.17","0.28","1647.06","0.0","0.0","0.0","0.0","0.0","0.0","3.69","3.65","989.16","0.37","0.35","945.95","0.16","0.21","1312.5","50.24","301.96","6010.35"
"203","2011","12","Uttar Pradesh","Pilibhit","155.15","435.51","2807.03","147.64","574.34","3890.14","0.0","0.0","0.0","0.31","0.57","1838.71","0.0","0.0","0.0","0.01","0.01","1000.0","3.01","3.14","1043.19","0.8","1.08","1350.0","0.03","0.04","1333.33","62.8","404.28","6437.58"
"203","2012","12","Uttar Pradesh","Pilibhit","51.51","130.02","2524.17","103.37","330.06","3193.0","0.0","0.0","0.0","0.2","0.39","1950.0","0.0","0.0","0.0","0.14","0.13","928.57","2.67","3.11","1164.79","0.24","0.35","1458.33","0.16","0.23","1437.5","55.38","363.63","6566.09"
"203","2013","12","Uttar Pradesh","Pilibhit","135.91","380.14","2797.0","143.5","525.35","3660.98","0.0","0.0","0.0","0.28","0.57","2035.71","0.0","0.0","0.0","0.01","0.01","1000.0","2.36","2.93","1241.53","0.35","0.5","1428.57","0.9","0.52","577.78","74.78","443.08","5925.11"
"203","2014","12","Uttar Pradesh","Pilibhit","128.99","338.73","2626.02","144.78","371.37","2565.06","0.0","0.0","0.0","0.58","1.13","1948.28","0.0","0.0","0.0","0.0","0.0","0.0","0.0","0.0","0.0","0.34","0.38","1117.65","0.29","0.21","724.14","93.62","650.1","6944.03"
"203","2015","12","Uttar Pradesh","Pilibhit","145.07","436.66","3010.0","154.26","598.05","3876.9","0.0","0.0","0.0","1.66","2.93","1765.06","0.0","0.0","0.0","0.0","0.0","0.0","2.33","1.96","842.22","0.64","0.82","1281.25","0.63","0.11","173.84","68.53","439.7","6416.0"
"203","2016","12","Uttar Pradesh","Pilibhit","153.58","481.01","3132.0","140.43","589.8","4200.0","0.0","0.0","0.0","0.35","0.72","2057.31","0.0","0.0","1000.0","0.0","0.0","1000.0","3.1","3.68","1185.36","0.35","0.44","1240.79","0.49","0.33","673.47","67.85","475.78","7012.5"
"203","2017","12","Uttar Pradesh","Pilibhit","140.74","461.08","3276.0","131.99","559.23","4237.0","0.0","0.0","0.0","0.18","0.41","2211.96","0.1","0.11","1048.54","0.0","0.0","1000.0","2.78","4.13","1486.5","1.0","1.47","1476.95","0.3","0.23","775.92","79.28","643.38","8115.6"
"204","2007","12","Uttar Pradesh","Rampur","142.49","320.29","2247.81","142.87","482.6","3377.9","2.37","4.29","1810.13","0.11","0.15","1363.64","0.02","0.01","500.0","0.07","0.06","857.14","5.84","3.79","648.97","0.01","0.01","1000.0","0.02","0.01","500.0","25.5","150.77","5912.55"
"204","2008","12","Uttar Pradesh","Rampur","144.2","284.65","1973.99","147.22","510.65","3468.62","2.03","2.89","1423.65","0.21","0.29","1380.95","0.0","0.0","0.0","0.01","0.01","1000.0","5.2","5.4","1038.46","0.01","0.01","1000.0","0.01","0.01","1000.0","23.41","118.85","5076.89"
"204","2009","12","Uttar Pradesh","Rampur","139.88","313.2","2239.06","147.42","481.96","3269.3","3.0","3.44","1146.67","0.11","0.17","1545.45","0.02","0.01","500.0","0.01","0.0","0.0","7.13","8.09","1134.64","0.01","0.0","0.0","0.0","0.0","0.0","19.12","106.31","5560.15"
"204","2010","12","Uttar Pradesh","Rampur","144.8","278.28","1921.82","148.78","507.44","3410.67","2.64","1.57","594.7","0.1","0.11","1100.0","0.04","0.04","1000.0","0.04","0.03","750.0","5.67","4.83","851.85","0.02","0.02","1000.0","0.1","0.13","1300.0","21.73","114.79","5282.56"
"204","2011","12","Uttar Pradesh","Rampur","144.99","316.84","2185.25","145.98","511.61","3504.66","2.22","2.37","1067.57","0.07","0.13","1857.14","0.01","0.02","2000.0","0.01","0.01","1000.0","5.77","7.56","1310.23","0.04","0.04","1000.0","0.0","0.0","0.0","23.32","135.7","5819.04"
"204","2012","12","Uttar Pradesh","Rampur","137.54","312.63","2273.01","140.32","487.18","3471.92","5.98","2.66","444.82","0.17","0.24","1411.76","0.0","0.0","0.0","0.02","0.02","1000.0","3.62","2.81","776.24","0.02","0.02","1000.0","0.1","0.14","1400.0","24.65","144.94","5879.92"
"204","2013","12","Uttar Pradesh","Rampur","136.97","306.95","2241.0","147.28","508.11","3449.96","2.35","1.41","600.0","0.4","1.22","3050.0","0.0","0.0","0.0","0.03","0.03","1000.0","10.35","9.34","902.42","0.06","0.06","1000.0","0.1","0.06","600.0","22.27","138.94","6238.89"
"204","2014","12","Uttar Pradesh","Rampur","132.69","299.88","2260.0","147.85","264.64","1789.92","2.03","2.0","985.22","0.09","0.17","1888.89","0.0","0.0","0.0","0.03","0.02","666.67","0.0","0.0","0.0","0.06","0.07","1166.67","0.03","0.02","666.67","28.63","178.45","6232.97"
"204","2015","12","Uttar Pradesh","Rampur","129.98","293.74","2259.89","133.65","457.5","3423.12","1.63","1.78","1092.02","0.05","0.11","2200.0","0.0","0.0","0.0","0.02","0.01","500.0","7.89","6.15","779.47","0.01","0.02","2000.0","0.08","0.01","178.57","25.08","158.46","6318.0"
"204","2016","12","Uttar Pradesh","Rampur","148.54","362.45","2440.0","142.05","556.82","3920.0","2.37","2.96","1250.53","0.22","0.45","2083.33","0.0","0.0","0.0","0.18","0.2","1081.52","5.85","5.53","944.99","0.02","0.02","761.9","0.1","0.07","676.47","20.57","143.28","6964.0"
"204","2017","12","Uttar Pradesh","Rampur","138.67","328.51","2369.0","149.25","598.2","4008.0","2.69","2.68","995.91","0.28","0.75","2728.26","0.02","0.02","1210.53","0.0","0.0","0.0","8.01","6.88","858.94","0.0","0.0","1000.0","0.04","0.03","777.78","21.85","163.94","7503.2"
"205","2007","12","Uttar Pradesh","Bijnor","48.7","125.43","2575.56","110.83","324.3","2926.1","0.0","0.0","0.0","0.01","0.02","2000.0","0.08","0.06","750.0","0.05","0.04","800.0","3.43","2.44","711.37","1.74","1.43","821.84","0.0","0.0","0.0","220.17","1273.75","5785.3"
"205","2008","12","Uttar Pradesh","Bijnor","56.94","143.66","2523.01","112.2","335.51","2990.29","0.0","0.0","0.0","0.02","0.03","1500.0","0.1","0.11","1100.0","0.03","0.03","1000.0","3.23","2.72","842.11","1.08","1.11","1027.78","0.0","0.0","0.0","214.59","1155.45","5384.45"
"205","2009","12","Uttar Pradesh","Bijnor","60.57","145.5","2402.18","113.74","325.93","2865.57","0.02","0.02","1000.0","0.01","0.01","1000.0","0.06","0.05","833.33","0.05","0.04","800.0","3.93","3.59","913.49","1.2","0.78","650.0","0.0","0.0","0.0","216.54","1282.55","5922.92"
"205","2010","12","Uttar Pradesh","Bijnor","59.18","132.72","2242.65","110.02","335.44","3048.9","0.0","0.0","0.0","0.0","0.0","0.0","0.05","0.05","1000.0","0.02","0.01","500.0","2.65","2.26","852.83","1.06","1.05","990.57","0.0","0.0","0.0","216.77","1204.19","5555.15"
"205","2011","12","Uttar Pradesh","Bijnor","57.9","138.66","2394.82","106.86","342.4","3204.19","0.0","0.0","0.0","0.0","0.0","0.0","0.01","0.02","2000.0","0.03","0.02","666.67","2.26","2.38","1053.1","0.88","0.83","943.18","0.0","0.0","0.0","210.95","1216.95","5768.9"
"205","2012","12","Uttar Pradesh","Bijnor","16.12","44.27","2746.28","78.24","323.12","4129.86","0.0","0.0","0.0","0.01","0.02","2000.0","0.02","0.02","1000.0","0.01","0.01","1000.0","2.16","1.89","875.0","0.75","0.71","946.67","0.0","0.0","0.0","215.54","1260.29","5847.13"
"205","2013","12","Uttar Pradesh","Bijnor","52.94","123.3","2329.05","147.96","488.84","3303.87","0.0","0.0","0.0","0.04","0.09","2250.0","0.01","0.0","0.0","0.01","0.01","1000.0","3.24","3.27","1009.26","0.85","0.91","1070.59","0.0","0.0","0.0","201.24","1206.07","5993.19"
"205","2014","12","Uttar Pradesh","Bijnor","54.81","143.38","2615.95","116.55","315.04","2703.05","0.0","0.0","0.0","0.01","0.01","1000.0","0.02","0.01","500.0","0.01","0.01","1000.0","0.0","0.0","0.0","1.07","1.33","1242.99","0.0","0.0","0.0","212.47","1396.87","6574.43"
"205","2015","12","Uttar Pradesh","Bijnor","51.35","133.0","2590.07","99.7","309.07","3100.0","0.0","0.0","0.0","0.0","0.01","0.0","0.02","0.01","500.0","0.01","0.01","1000.0","2.78","1.97","705.82","0.81","0.97","1197.53","0.0","0.0","0.0","203.2","1395.1","6865.6"
"205","2016","12","Uttar Pradesh","Bijnor","53.39","134.92","2527.0","148.01","511.68","3457.0","0.0","0.0","0.0","0.02","0.03","2125.0","0.03","0.03","1074.07","0.03","0.03","1080.0","3.02","2.49","824.45","0.6","0.46","762.06","0.0","0.0","0.0","205.35","1610.05","7840.4"
"205","2017","12","Uttar Pradesh","Bijnor","50.88","127.77","2511.02","157.27","569.33","3620.0","0.0","0.0","0.0","0.03","0.1","3000.0","0.01","0.02","1230.77","0.0","0.0","750.0","2.57","1.88","732.94","0.91","0.93","1013.13","0.0","0.0","0.0","201.63","1681.51","8339.6"
"206","2007","12","Uttar Pradesh","Farrukhabad","32.51","80.66","2481.08","144.35","476.89","3303.71","7.73","11.7","1513.58","90.2","170.99","1895.68","1.91","2.33","1219.9","3.37","3.02","896.14","9.06","7.58","836.64","1.82","1.05","576.92","0.0","0.0","0.0","8.42","47.97","5697.15"
"206","2008","12","Uttar Pradesh","Farrukhabad","35.77","93.72","2620.07","143.37","499.36","3483.02","6.53","13.94","2134.76","90.19","194.38","2155.23","1.72","2.56","1488.37","3.2","4.12","1287.5","8.36","8.12","971.29","1.99","1.47","738.69","0.0","0.0","0.0","8.31","40.66","4892.9"
"206","2009","12","Uttar Pradesh","Farrukhabad","26.06","63.58","2439.75","144.09","498.61","3460.41","5.7","11.45","2008.77","72.04","115.29","1600.36","1.54","1.88","1220.78","2.61","2.07","793.1","8.32","7.11","854.57","2.18","1.42","651.38","0.0","0.0","0.0","7.52","40.94","5444.15"
"206","2010","12","Uttar Pradesh","Farrukhabad","30.14","66.79","2215.99","147.25","526.71","3576.98","6.27","9.54","1521.53","76.72","149.76","1952.03","1.83","2.78","1519.13","2.77","2.39","862.82","9.43","9.66","1024.39","2.66","2.65","996.24","0.0","0.0","0.0","7.74","44.2","5710.59"
"206","2011","12","Uttar Pradesh","Farrukhabad","31.11","81.74","2627.45","146.65","571.53","3897.24","6.47","9.35","1445.13","79.63","189.24","2376.49","1.78","2.74","1539.33","2.98","4.16","1395.97","9.33","8.24","883.17","3.26","3.23","990.8","0.0","0.0","0.0","7.88","49.17","6239.85"
"206","2012","12","Uttar Pradesh","Farrukhabad","32.56","94.73","2909.4","145.49","541.35","3720.87","6.58","12.01","1825.23","75.78","181.16","2390.6","1.7","2.32","1364.71","3.03","3.52","1161.72","9.31","9.21","989.26","3.22","3.2","993.79","0.0","0.0","0.0","8.31","52.03","6261.13"
"206","2013","12","Uttar Pradesh","Farrukhabad","37.91","107.37","2832.23","153.35","561.03","3658.49","5.68","8.04","1415.49","76.46","173.65","2271.12","1.74","1.06","609.2","2.61","2.67","1022.99","4.8","5.01","1043.75","2.31","2.06","891.77","0.0","0.0","0.0","8.37","51.65","6170.85"
"206","2014","12","Uttar Pradesh","Farrukhabad","33.91","85.57","2523.44","153.74","288.38","1875.76","4.87","7.02","1441.48","79.77","145.91","1829.13","1.48","0.61","412.16","2.23","1.1","493.27","0.0","0.0","0.0","1.87","1.62","866.31","0.0","0.0","0.0","7.33","44.44","6062.76"
"206","2015","12","Uttar Pradesh","Farrukhabad","41.55","96.52","2322.98","143.25","459.82","3209.91","4.99","7.87","1577.15","90.78","175.57","1934.02","1.34","1.24","925.37","3.2","1.34","418.75","9.38","6.93","738.69","1.91","1.29","675.39","0.0","0.0","0.0","7.86","47.54","6045.56"
"206","2016","12","Uttar Pradesh","Farrukhabad","37.59","99.89","2657.33","157.56","633.78","4022.45","5.35","10.55","1973.43","90.63","185.63","2048.32","1.73","2.25","1303.07","2.75","3.91","1423.53","9.9","9.44","953.94","3.14","2.84","903.85","0.0","0.0","0.0","8.29","51.57","6217.36"
"206","2017","12","Uttar Pradesh","Farrukhabad","34.62","108.09","3122.12","150.66","680.33","4515.55","5.08","8.24","1623.92","85.47","268.38","3140.12","1.5","2.51","1679.6","2.52","3.28","1301.43","10.36","8.98","866.85","2.43","2.46","1013.17","0.0","0.0","0.0","8.36","54.63","6535.63"
"207","2007","12","Uttar Pradesh","Etawah","95.43","252.57","2646.65","191.74","559.91","2920.15","75.62","135.44","1791.06","16.76","34.5","2058.47","9.26","10.67","1152.27","7.46","6.91","926.27","9.03","7.07","782.95","0.25","0.14","560.0","0.0","0.0","0.0","1.56","8.2","5256.41"
"207","2008","12","Uttar Pradesh","Etawah","98.8","289.43","2929.45","195.89","712.24","3635.92","66.93","150.32","2245.93","14.16","31.04","2192.09","8.01","12.81","1599.25","6.1","9.11","1493.44","7.97","7.41","929.74","0.24","0.18","750.0","0.0","0.0","0.0","1.26","5.83","4626.98"
"207","2009","12","Uttar Pradesh","Etawah","80.1","216.62","2704.37","195.7","561.89","2871.18","72.07","153.34","2127.65","13.29","26.21","1972.16","8.28","10.54","1272.95","6.35","8.66","1363.78","8.94","6.99","781.88","0.23","0.15","652.17","0.0","0.0","0.0","0.87","4.4","5057.47"
"207","2010","12","Uttar Pradesh","Etawah","92.75","242.45","2614.02","197.7","718.68","3635.2","73.06","149.52","2046.54","13.87","27.33","1970.44","7.77","11.52","1482.63","6.29","6.92","1100.16","11.18","10.21","913.24","0.27","0.26","962.96","0.0","0.0","0.0","0.94","5.06","5382.98"
"207","2011","12","Uttar Pradesh","Etawah","97.45","272.9","2800.41","196.78","746.41","3793.12","64.39","125.45","1948.28","14.17","28.0","1976.01","7.04","11.53","1637.78","4.98","8.57","1720.88","10.16","8.52","838.58","0.24","0.24","1000.0","0.0","0.0","0.0","1.09","6.36","5834.86"
"207","2012","12","Uttar Pradesh","Etawah","101.82","310.05","3045.08","197.34","742.71","3763.61","65.4","156.38","2391.13","15.16","38.35","2529.68","7.27","10.16","1397.52","6.42","8.96","1395.64","7.25","5.45","751.72","0.22","0.22","1000.0","0.0","0.0","0.0","1.05","6.42","6114.29"
"207","2013","12","Uttar Pradesh","Etawah","111.84","345.67","3090.75","200.94","758.67","3775.6","63.35","151.71","2394.79","11.87","31.4","2645.32","6.53","4.77","730.47","4.5","4.61","1024.44","2.73","1.89","692.31","0.23","0.21","913.04","0.0","0.0","0.0","1.4","8.31","5935.71"
"207","2014","12","Uttar Pradesh","Etawah","108.55","312.43","2878.21","200.98","401.2","1996.22","74.25","154.27","2077.71","14.57","35.41","2430.34","5.6","2.76","492.86","4.66","2.31","495.71","0.0","0.0","0.0","0.17","0.15","882.35","0.0","0.0","0.0","1.33","7.65","5751.88"
"207","2015","12","Uttar Pradesh","Etawah","107.19","283.25","2642.5","206.11","659.37","3199.12","71.32","164.17","2301.88","12.69","32.04","2524.82","4.85","5.54","1142.27","3.44","1.43","415.7","18.23","13.44","737.37","0.1","0.06","600.0","0.0","0.0","0.0","0.73","4.23","5783.72"
"207","2016","12","Uttar Pradesh","Etawah","102.76","297.58","2895.75","198.88","811.1","4078.35","67.58","157.17","2325.64","14.55","38.17","2624.18","6.44","8.96","1391.89","5.92","12.29","2076.36","12.44","11.32","910.13","0.79","0.72","904.28","0.0","0.0","0.0","1.03","6.19","6036.78"
"207","2017","12","Uttar Pradesh","Etawah","101.35","295.3","2913.67","198.17","756.58","3817.91","69.65","156.47","2246.63","14.62","43.2","2954.05","7.1","11.95","1683.48","5.32","9.61","1807.79","11.74","10.24","872.5","0.15","0.15","1013.7","0.0","0.0","0.0","1.09","7.06","6469.69"
"208","2007","12","Uttar Pradesh","Kanpur","88.25","178.36","2021.08","220.64","663.56","3007.43","18.07","34.41","1904.26","36.05","51.54","1429.68","42.11","51.14","1214.44","14.79","23.25","1572.01","23.73","16.07","677.2","0.21","0.12","571.43","0.15","0.09","600.0","5.93","27.41","4622.26"
"208","2008","12","Uttar Pradesh","Kanpur","88.56","205.52","2320.69","219.2","735.66","3356.11","18.37","36.45","1984.21","37.3","53.82","1442.9","42.01","61.0","1452.04","14.82","27.78","1874.49","23.55","18.12","769.43","0.21","0.15","714.29","0.14","0.12","857.14","5.59","23.55","4212.88"
"208","2009","12","Uttar Pradesh","Kanpur","68.45","157.29","2297.88","221.68","716.24","3230.96","17.94","26.62","1483.83","33.24","41.33","1243.38","41.84","50.24","1200.76","12.89","10.5","814.58","22.74","15.77","693.49","0.17","0.11","647.06","0.0","0.0","0.0","5.45","24.71","4533.94"
"208","2010","12","Uttar Pradesh","Kanpur","73.48","169.59","2307.98","224.15","832.36","3713.41","18.79","35.7","1899.95","34.72","43.67","1257.78","40.61","62.21","1531.89","14.48","26.93","1859.81","21.06","18.32","869.9","0.18","0.17","944.44","0.11","0.15","1363.64","5.35","25.77","4816.82"
"208","2011","12","Uttar Pradesh","Kanpur","74.54","200.68","2692.25","223.52","836.46","3742.22","18.44","35.76","1939.26","36.05","51.49","1428.29","40.06","60.34","1506.24","15.06","28.73","1907.7","19.46","17.07","877.18","0.34","0.34","1000.0","0.11","0.14","1272.73","5.37","28.05","5223.46"
"208","2012","12","Uttar Pradesh","Kanpur","71.56","194.06","2711.85","227.47","816.25","3588.39","18.48","43.14","2334.42","33.12","55.29","1669.38","38.66","51.37","1328.76","14.87","27.04","1818.43","18.99","17.41","916.8","0.4","0.4","1000.0","0.12","0.16","1333.33","5.61","32.39","5773.62"
"208","2013","12","Uttar Pradesh","Kanpur","75.03","198.24","2642.14","230.32","852.79","3702.63","17.73","43.19","2435.98","33.63","63.96","1901.87","31.97","20.09","628.4","12.44","21.86","1757.23","20.06","15.55","775.17","0.2","0.18","900.0","0.1","0.06","600.0","5.42","30.57","5640.22"
"208","2014","12","Uttar Pradesh","Kanpur","67.39","161.97","2403.47","224.85","358.71","1595.33","19.15","39.94","2085.64","32.38","45.14","1394.07","37.99","17.91","471.44","12.5","7.49","599.2","0.0","0.0","0.0","0.1","0.09","900.0","0.02","0.01","500.0","5.12","27.3","5332.03"
"208","2015","12","Uttar Pradesh","Kanpur","69.58","172.09","2473.27","225.57","589.25","2612.27","23.91","38.91","1627.35","35.41","86.52","2443.38","32.9","30.05","913.37","12.21","5.76","471.74","19.54","12.56","642.89","0.19","0.12","631.58","0.01","0.0","181.82","4.82","25.83","5356.17"
"208","2016","12","Uttar Pradesh","Kanpur","77.92","238.75","3064.24","225.59","980.36","4345.8","18.63","45.08","2420.54","41.85","107.27","2563.33","38.25","49.8","1301.89","14.19","24.1","1699.14","22.41","20.06","895.0","0.16","0.15","906.83","0.05","0.03","673.47","5.33","30.68","5755.62"
"208","2017","12","Uttar Pradesh","Kanpur","73.99","221.22","2990.0","226.79","925.74","4081.94","18.46","34.01","1842.16","34.24","110.49","3226.65","38.39","67.44","1756.69","12.86","29.03","2257.53","22.63","21.7","958.85","0.13","0.13","1015.27","0.05","0.04","775.51","4.11","26.01","6335.17"
"209","2007","12","Uttar Pradesh","Fatehpur","78.86","148.69","1885.49","150.17","388.87","2589.53","8.47","8.11","957.5","0.47","0.73","1553.19","47.46","43.09","907.92","25.2","21.16","839.68","15.17","8.85","583.39","0.43","0.25","581.4","0.0","0.0","0.0","8.51","38.41","4513.51"
"209","2008","12","Uttar Pradesh","Fatehpur","87.04","200.88","2307.9","158.2","461.31","2915.99","7.21","7.49","1038.83","0.37","0.57","1540.54","46.71","55.68","1192.04","18.35","15.76","858.86","12.45","7.81","627.31","0.35","0.25","714.29","0.0","0.0","0.0","7.1","39.28","5532.39"
"209","2009","12","Uttar Pradesh","Fatehpur","62.42","136.26","2182.95","162.03","443.31","2735.97","8.66","8.09","934.18","0.3","0.43","1433.33","45.6","44.46","975.0","17.03","7.79","457.43","18.63","9.82","527.11","0.29","0.19","655.17","0.0","0.0","0.0","5.92","25.93","4380.07"
"209","2010","12","Uttar Pradesh","Fatehpur","71.47","150.61","2107.32","165.37","541.53","3274.66","8.62","8.16","946.64","0.35","0.31","885.71","44.73","51.63","1154.26","21.3","20.61","967.61","16.36","12.1","739.61","0.29","0.28","965.52","0.0","0.0","0.0","5.97","34.8","5829.15"
"209","2011","12","Uttar Pradesh","Fatehpur","79.78","186.54","2338.18","169.58","555.3","3274.56","7.68","8.28","1078.12","0.31","0.31","1000.0","42.9","56.31","1312.59","19.88","21.28","1070.42","15.23","12.38","812.87","0.28","0.28","1000.0","0.0","0.0","0.0","6.18","34.66","5608.41"
"209","2012","12","Uttar Pradesh","Fatehpur","77.16","189.52","2456.19","170.68","560.59","3284.45","6.99","8.96","1281.83","0.38","0.49","1289.47","43.38","54.16","1248.5","19.16","18.65","973.38","14.55","11.39","782.82","0.28","0.3","1071.43","0.0","0.0","0.0","6.68","40.82","6110.78"
"209","2013","12","Uttar Pradesh","Fatehpur","86.46","225.23","2605.02","174.45","595.9","3415.88","6.48","6.21","958.33","0.25","0.3","1200.0","41.69","18.13","434.88","16.24","14.55","895.94","9.36","5.81","620.73","0.26","0.23","884.62","0.0","0.0","0.0","7.36","50.2","6820.65"
"209","2014","12","Uttar Pradesh","Fatehpur","80.7","157.05","1946.1","174.25","341.44","1959.48","5.16","3.94","763.57","0.28","0.53","1892.86","41.94","7.66","182.64","16.63","3.33","200.24","0.0","0.0","0.0","0.21","0.18","857.14","0.0","0.0","0.0","7.88","51.85","6579.95"
"209","2015","12","Uttar Pradesh","Fatehpur","81.95","167.75","2046.98","185.39","460.64","2484.71","5.47","4.48","819.01","0.53","0.4","754.72","33.91","19.43","572.99","15.02","8.78","584.55","15.47","7.67","495.54","0.03","0.02","666.67","0.0","0.0","0.0","7.26","48.63","6703.21"
"209","2016","12","Uttar Pradesh","Fatehpur","86.79","215.67","2485.0","175.8","614.4","3494.96","8.12","7.79","959.13","0.5","0.98","1954.27","44.68","57.18","1279.61","20.45","22.15","1082.67","17.65","10.99","622.33","0.2","0.18","901.96","0.0","0.0","0.0","6.31","45.85","7266.7"
"209","2017","12","Uttar Pradesh","Fatehpur","82.06","216.65","2640.0","170.17","591.43","3475.53","7.39","8.83","1193.51","0.31","0.67","2200.0","42.14","67.92","1611.75","17.47","20.49","1172.92","15.83","12.3","777.15","0.21","0.22","1014.15","0.0","0.0","0.0","6.38","23.42","3672.79"
"210","2007","12","Uttar Pradesh","Allahabad","215.33","439.5","2041.05","279.49","610.4","2183.98","39.15","44.56","1138.19","0.35","0.5","1428.57","29.13","28.58","981.12","28.07","33.63","1198.08","22.31","16.37","733.75","0.72","0.42","583.33","0.0","0.0","0.0","2.28","10.29","4513.16"
"210","2008","12","Uttar Pradesh","Allahabad","217.82","520.7","2390.51","285.82","715.77","2504.27","38.76","42.38","1093.4","0.32","0.5","1562.5","28.45","31.23","1097.72","26.14","31.08","1188.98","22.37","17.03","761.29","0.68","0.5","735.29","0.0","0.0","0.0","2.16","11.93","5523.15"
"210","2009","12","Uttar Pradesh","Allahabad","166.34","359.95","2163.94","281.2","620.32","2205.97","38.19","37.41","979.58","0.35","0.56","1600.0","28.59","21.89","765.65","19.22","7.74","402.71","30.95","20.07","648.47","0.61","0.4","655.74","0.0","0.0","0.0","2.12","9.28","4377.36"
"210","2010","12","Uttar Pradesh","Allahabad","189.33","427.16","2256.17","285.64","716.96","2510.01","39.24","38.52","981.65","0.4","0.48","1200.0","27.95","29.23","1045.8","24.9","21.05","845.38","24.21","15.3","631.97","0.68","0.67","985.29","0.0","0.0","0.0","2.17","12.65","5829.49"
"210","2011","12","Uttar Pradesh","Allahabad","191.54","483.78","2525.74","288.36","778.0","2698.02","39.0","42.74","1095.9","0.39","0.52","1333.33","28.01","32.88","1173.87","16.78","17.85","1063.77","29.87","29.31","981.25","0.68","0.67","985.29","0.0","0.0","0.0","2.17","12.16","5603.69"
"210","2012","12","Uttar Pradesh","Allahabad","195.08","527.66","2704.84","295.99","768.74","2597.18","35.3","34.72","983.57","0.4","0.55","1375.0","28.55","30.24","1059.19","22.97","27.23","1185.46","21.42","20.32","948.65","0.12","0.12","1000.0","0.0","0.0","0.0","2.81","17.16","6106.76"
"210","2013","12","Uttar Pradesh","Allahabad","210.42","533.42","2535.03","280.91","683.96","2434.8","34.91","27.28","781.44","0.83","1.39","1674.7","23.49","13.89","591.32","22.41","15.11","674.25","16.79","11.58","689.7","0.02","0.02","1000.0","0.0","0.0","0.0","2.16","14.77","6837.96"
"210","2014","12","Uttar Pradesh","Allahabad","192.64","407.27","2114.15","284.14","399.28","1405.22","36.98","28.36","766.9","0.85","1.82","2141.18","30.23","8.49","280.85","24.22","13.74","567.3","0.0","0.0","0.0","0.02","0.02","1000.0","0.0","0.0","0.0","2.14","14.08","6579.44"
"210","2015","12","Uttar Pradesh","Allahabad","192.54","366.11","1901.47","309.16","610.72","1975.42","38.36","34.71","904.85","0.57","0.75","1315.79","19.26","11.42","592.94","24.13","17.96","744.3","21.56","9.96","461.82","0.02","0.02","1000.0","0.0","0.0","0.0","1.42","9.5","6703.18"
"210","2016","12","Uttar Pradesh","Allahabad","211.76","565.56","2670.84","298.33","916.0","3070.41","37.12","35.78","964.03","0.32","0.61","1915.09","27.98","28.52","1019.34","22.48","33.94","1510.01","26.99","24.68","914.3","0.02","0.02","909.09","0.0","0.0","0.0","2.1","15.25","7266.7"
"210","2017","12","Uttar Pradesh","Allahabad","215.88","575.93","2667.89","283.11","1021.87","3609.38","29.64","27.08","913.92","0.56","1.36","2431.13","17.56","24.31","1384.22","23.34","42.26","1810.61","21.83","16.29","746.54","0.02","0.02","1000.0","0.0","0.0","0.0","2.86","10.5","3672.83"
"211","2007","12","Uttar Pradesh","Jhansi","5.46","3.0","549.45","183.72","330.37","1798.23","0.4","0.2","500.0","43.05","31.11","722.65","47.6","36.24","761.34","0.88","0.18","204.55","298.76","171.49","574.01","32.33","13.96","431.8","7.42","5.13","691.37","0.23","0.44","1913.04"
"211","2008","12","Uttar Pradesh","Jhansi","5.73","6.84","1193.72","255.91","631.94","2469.38","0.04","0.02","500.0","42.27","42.79","1012.3","68.77","74.11","1077.65","2.73","2.39","875.46","315.08","283.97","901.26","28.39","22.2","781.97","9.1","7.63","838.46","0.18","0.42","2333.33"
"211","2009","12","Uttar Pradesh","Jhansi","4.54","5.16","1136.56","270.47","663.17","2451.92","0.06","0.06","1000.0","38.81","64.09","1651.38","67.37","73.42","1089.8","4.14","1.29","311.59","422.37","304.58","721.12","31.31","17.18","548.71","0.0","0.0","0.0","0.15","0.48","3200.0"
"211","2010","12","Uttar Pradesh","Jhansi","8.13","15.79","1942.19","310.26","794.47","2560.66","0.02","0.02","1000.0","38.42","59.95","1560.39","64.96","65.41","1006.93","2.01","1.95","970.15","380.2","306.24","805.47","29.35","32.8","1117.55","12.05","15.75","1307.05","0.16","0.59","3687.5"
"211","2011","12","Uttar Pradesh","Jhansi","14.28","26.26","1838.94","331.86","960.09","2893.06","0.01","0.01","1000.0","30.14","34.14","1132.71","73.25","92.36","1260.89","1.46","1.46","1000.0","378.9","363.85","960.28","31.96","32.81","1026.6","16.74","20.97","1252.69","0.23","0.88","3826.09"
"211","2012","12","Uttar Pradesh","Jhansi","11.36","21.32","1876.76","319.32","872.14","2731.24","0.04","0.08","2000.0","26.5","34.35","1296.23","83.14","101.34","1218.91","0.84","0.35","416.67","362.47","372.48","1027.62","28.79","29.64","1029.52","12.31","17.4","1413.49","0.27","0.99","3666.67"
"211","2013","12","Uttar Pradesh","Jhansi","12.1","21.87","1807.44","331.96","608.25","1832.3","0.0","0.0","0.0","27.45","17.01","619.67","74.07","24.43","329.82","1.05","0.86","819.05","348.71","167.99","481.75","38.76","27.16","700.72","22.33","12.86","575.91","0.27","1.06","3925.93"
"211","2014","12","Uttar Pradesh","Jhansi","10.55","18.45","1748.82","328.46","551.6","1679.35","4.92","3.95","802.85","22.14","21.68","979.22","64.11","26.37","411.32","3.54","1.21","341.81","0.0","0.0","0.0","40.87","35.05","857.6","51.59","36.99","717.0","0.22","0.88","4000.0"
"211","2015","12","Uttar Pradesh","Jhansi","10.29","17.14","1665.69","301.34","584.04","1938.14","0.02","0.02","1000.0","17.2","12.05","700.58","23.5","14.98","637.45","2.99","0.39","130.43","353.81","238.87","675.13","38.51","18.51","480.65","34.68","6.07","175.01","0.19","0.66","3442.41"
"211","2016","12","Uttar Pradesh","Jhansi","11.66","15.05","1291.3","339.15","1040.48","3067.85","0.01","0.01","1153.85","29.23","33.64","1150.72","96.23","124.31","1291.79","2.09","1.97","943.57","432.16","375.7","869.35","31.22","26.22","839.94","9.33","6.28","673.24","0.1","0.37","3804.08"
"211","2017","12","Uttar Pradesh","Jhansi","10.21","16.22","1589.75","302.3","818.4","2707.25","0.0","0.01","1750.0","20.74","18.43","888.9","42.86","47.17","1100.63","0.82","0.54","660.15","378.21","275.61","728.74","31.23","27.07","866.7","13.45","10.45","777.5","0.18","0.7","3943.82"
"213","2007","12","Uttar Pradesh","Jalaun","0.61","0.26","426.23","146.2","259.83","1777.22","17.34","8.69","501.15","0.01","0.01","1000.0","36.4","21.59","593.13","8.04","4.46","554.73","79.37","49.93","629.08","0.06","0.04","666.67","0.36","0.25","694.44","2.22","4.23","1905.41"
"213","2008","12","Uttar Pradesh","Jalaun","0.45","0.54","1200.0","148.95","465.78","3127.09","12.95","8.9","687.26","0.02","0.01","500.0","45.11","51.34","1138.11","7.1","8.43","1187.32","107.59","119.45","1110.23","0.0","0.0","0.0","0.04","0.03","750.0","0.88","2.02","2295.45"
"213","2009","12","Uttar Pradesh","Jalaun","0.34","0.39","1147.06","135.22","373.26","2760.39","17.3","15.23","880.35","0.03","0.05","1666.67","42.59","41.03","963.37","7.98","7.87","986.22","125.77","139.27","1107.34","0.0","0.0","0.0","0.0","0.0","0.0","1.23","3.94","3203.25"
"213","2010","12","Uttar Pradesh","Jalaun","0.57","1.11","1947.37","146.31","467.79","3197.25","15.39","13.17","855.75","0.02","0.02","1000.0","39.23","44.97","1146.32","7.12","7.88","1106.74","110.5","114.16","1033.12","0.0","0.0","0.0","0.02","0.03","1500.0","1.16","4.26","3672.41"
"213","2011","12","Uttar Pradesh","Jalaun","0.53","0.98","1849.06","144.07","484.38","3362.12","14.07","13.09","930.35","0.01","0.01","1000.0","42.01","55.65","1324.68","6.11","6.83","1117.84","107.19","163.28","1523.28","0.01","0.01","1000.0","0.04","0.04","1000.0","1.48","5.83","3939.19"
"213","2012","12","Uttar Pradesh","Jalaun","0.51","0.56","1098.04","145.44","467.11","3211.7","13.11","23.4","1784.9","0.02","0.03","1500.0","37.73","51.91","1375.83","6.43","8.93","1388.8","105.65","162.56","1538.67","0.01","0.01","1000.0","0.04","0.05","1250.0","1.75","6.51","3720.0"
"213","2013","12","Uttar Pradesh","Jalaun","0.52","0.93","1788.46","149.46","445.32","2979.53","11.92","8.0","671.14","0.23","0.77","3347.83","39.65","29.52","744.51","6.66","5.49","824.32","113.35","145.7","1285.4","0.06","0.04","666.67","0.04","0.03","750.0","1.61","6.46","4012.42"
"213","2014","12","Uttar Pradesh","Jalaun","0.51","0.89","1745.1","155.13","206.24","1329.47","15.68","12.93","824.62","0.0","0.0","0.0","36.15","11.74","324.76","5.37","1.75","325.88","0.0","0.0","0.0","0.02","0.02","1000.0","0.03","0.02","666.67","1.34","5.43","4052.24"
"213","2015","12","Uttar Pradesh","Jalaun","1.56","2.8","1794.87","158.55","298.12","1880.29","13.2","11.66","883.33","0.0","0.0","0.0","37.08","15.56","419.63","5.25","0.94","179.05","107.56","183.8","1708.77","0.0","0.0","0.0","0.08","0.01","173.33","1.43","4.94","3442.65"
"213","2016","12","Uttar Pradesh","Jalaun","0.42","0.65","1552.13","147.43","547.85","3716.05","14.76","16.98","1150.19","0.0","0.0","0.0","43.38","52.27","1204.86","6.26","7.53","1203.1","118.53","183.79","1550.57","0.01","0.01","818.18","0.04","0.03","627.91","1.22","4.65","3804.17"
"213","2017","12","Uttar Pradesh","Jalaun","0.27","0.34","1264.93","160.36","581.17","3624.09","15.03","24.31","1617.18","0.02","0.06","2521.74","13.72","19.37","1412.4","3.39","5.84","1720.52","114.67","177.27","1545.86","0.01","0.01","909.09","0.04","0.03","772.73","1.04","4.11","3943.9"
"214","2007","12","Uttar Pradesh","Hamirpur","0.35","0.19","542.86","120.95","162.41","1342.79","0.61","0.7","1147.54","0.01","0.01","1000.0","109.81","51.45","468.54","24.58","10.99","447.11","142.69","36.51","255.87","8.32","1.86","223.56","0.14","0.1","714.29","6.05","16.0","2644.63"
"214","2008","12","Uttar Pradesh","Hamirpur","0.33","0.4","1212.12","168.46","386.64","2295.14","0.33","0.4","1212.12","0.01","0.02","2000.0","151.69","140.91","928.93","16.48","12.67","768.81","161.44","117.91","730.36","7.88","3.44","436.55","0.1","0.09","900.0","3.1","12.57","4054.84"
"214","2009","12","Uttar Pradesh","Hamirpur","0.3","0.28","933.33","157.57","334.8","2124.77","0.56","0.34","607.14","0.02","0.02","1000.0","144.58","98.79","683.29","24.45","15.05","615.54","222.67","96.76","434.54","7.64","1.43","187.17","0.0","0.0","0.0","2.38","9.79","4113.45"
"214","2010","12","Uttar Pradesh","Hamirpur","0.22","0.25","1136.36","162.51","337.05","2074.03","0.55","0.32","581.82","0.01","0.01","1000.0","140.39","105.44","751.05","23.11","18.95","819.99","198.74","96.51","485.61","6.25","2.85","456.0","0.11","0.14","1272.73","3.44","16.99","4938.95"
"214","2011","12","Uttar Pradesh","Hamirpur","0.14","0.19","1357.14","177.67","442.34","2489.67","0.33","0.26","787.88","0.01","0.01","1000.0","143.89","145.23","1009.31","21.93","21.9","998.63","176.59","110.61","626.37","6.92","3.05","440.75","0.44","0.54","1227.27","4.69","22.62","4823.03"
"214","2012","12","Uttar Pradesh","Hamirpur","0.16","0.29","1812.5","184.52","463.6","2512.46","0.32","0.54","1687.5","0.01","0.02","2000.0","141.53","130.03","918.75","21.28","19.83","931.86","169.98","113.83","669.67","8.58","4.98","580.42","0.76","1.07","1407.89","5.92","21.97","3711.15"
"214","2013","12","Uttar Pradesh","Hamirpur","0.13","0.24","1846.15","186.24","427.91","2297.63","0.36","0.62","1722.22","1.56","5.51","3532.05","142.21","57.42","403.77","21.96","23.22","1057.38","161.4","76.62","474.72","6.99","5.05","722.46","1.64","0.95","579.27","8.45","37.73","4465.09"
"214","2014","12","Uttar Pradesh","Hamirpur","0.05","0.09","1800.0","182.93","239.95","1311.7","0.39","0.28","717.95","0.02","0.03","1500.0","123.93","22.91","184.86","17.29","4.85","280.51","0.0","0.0","0.0","11.81","4.7","397.97","0.42","0.3","714.29","7.93","32.05","4041.61"
"214","2015","12","Uttar Pradesh","Hamirpur","0.09","0.1","1111.11","121.11","189.44","1564.2","0.69","0.24","347.83","0.06","0.13","2166.67","38.88","14.65","376.8","16.63","7.68","461.82","141.76","44.11","311.18","11.5","3.96","344.35","0.02","0.0","166.67","8.69","31.89","3668.5"
"214","2016","12","Uttar Pradesh","Hamirpur","0.2","0.35","1778.89","209.21","597.64","2856.66","0.19","0.15","789.47","1.55","4.34","2794.08","117.66","96.09","816.69","18.95","18.05","952.35","180.46","122.62","679.46","8.43","4.26","505.34","0.35","0.23","673.35","6.14","26.37","4295.29"
"214","2017","12","Uttar Pradesh","Hamirpur","0.08","0.15","1948.05","161.51","440.68","2728.57","0.65","0.68","1041.47","0.43","1.26","2953.05","119.83","105.35","879.15","18.27","18.09","990.42","170.04","90.44","531.87","5.99","5.25","877.59","0.24","0.18","776.37","8.73","33.47","3833.2"
"215","2007","12","Uttar Pradesh","Banda","66.32","40.96","617.61","183.69","241.83","1316.51","13.16","9.81","745.44","0.03","0.03","1000.0","144.18","76.77","532.46","38.16","25.58","670.34","61.87","25.79","416.84","0.81","0.31","382.72","0.24","0.16","666.67","1.19","3.13","2630.25"
"215","2008","12","Uttar Pradesh","Banda","73.68","97.98","1329.8","201.65","361.28","1791.62","13.28","14.13","1064.01","0.01","0.03","3000.0","153.11","123.11","804.06","35.14","35.49","1009.96","60.12","40.56","674.65","0.71","0.31","436.62","0.17","0.14","823.53","1.02","4.12","4039.22"
"215","2009","12","Uttar Pradesh","Banda","54.51","54.96","1008.26","195.87","338.64","1728.9","15.71","10.62","676.0","0.02","0.02","1000.0","145.51","85.93","590.54","32.07","18.02","561.9","79.48","36.02","453.2","0.68","0.13","191.18","0.0","0.0","0.0","0.58","2.38","4103.45"
"215","2010","12","Uttar Pradesh","Banda","53.92","60.55","1122.96","202.34","363.06","1794.31","15.6","10.76","689.74","0.02","0.02","1000.0","140.9","88.99","631.58","38.89","29.7","763.69","71.33","26.58","372.63","0.57","0.61","1070.18","0.16","0.2","1250.0","0.62","3.04","4903.23"
"215","2011","12","Uttar Pradesh","Banda","64.3","90.48","1407.15","209.27","459.34","2194.96","13.79","12.79","927.48","0.02","0.02","1000.0","142.85","157.11","1099.83","24.55","27.28","1111.2","76.25","73.41","962.75","0.7","0.58","828.57","0.07","0.08","1142.86","0.63","3.0","4761.9"
"215","2012","12","Uttar Pradesh","Banda","58.32","99.95","1713.82","208.0","473.51","2276.49","12.55","17.41","1387.25","0.08","0.16","2000.0","144.56","153.71","1063.3","35.42","33.89","956.8","65.92","48.14","730.28","0.66","0.61","924.24","0.1","0.15","1500.0","0.7","2.6","3714.29"
"215","2013","12","Uttar Pradesh","Banda","66.51","120.09","1805.59","216.46","414.28","1913.89","9.2","12.9","1402.17","0.13","0.42","3230.77","140.46","34.44","245.19","30.03","21.81","726.27","61.55","15.0","243.7","0.44","0.32","727.27","0.32","0.19","593.75","0.87","3.89","4471.26"
"215","2014","12","Uttar Pradesh","Banda","58.56","94.68","1616.8","206.19","198.87","964.5","11.23","11.0","979.52","0.01","0.04","4000.0","145.92","24.45","167.56","29.32","3.85","131.31","0.0","0.0","0.0","0.97","1.13","1164.95","0.12","0.09","750.0","0.74","2.99","4040.54"
"215","2015","12","Uttar Pradesh","Banda","57.82","66.82","1155.66","82.79","98.95","1195.19","17.89","6.65","371.72","0.13","0.24","1846.15","19.19","6.36","331.42","28.12","10.6","376.96","42.75","15.12","353.56","1.15","0.56","486.96","0.03","0.01","193.55","0.56","2.05","3668.46"
"215","2016","12","Uttar Pradesh","Banda","73.75","131.0","1776.22","246.94","616.45","2496.38","15.52","15.78","1017.08","0.0","0.01","2000.0","103.77","90.65","873.59","36.16","40.53","1120.9","81.22","61.58","758.24","0.58","0.42","722.89","0.09","0.06","673.91","0.77","3.3","4295.31"
"215","2017","12","Uttar Pradesh","Banda","60.72","118.86","1957.57","208.72","495.11","2372.11","13.44","14.81","1102.39","0.02","0.04","2222.22","142.53","137.02","961.36","33.86","48.84","1442.39","61.7","38.62","625.89","0.41","0.66","1611.65","0.09","0.07","779.07","0.65","2.5","3833.18"
"216","2007","12","Uttar Pradesh","Varanasi","190.96","429.08","2246.96","217.76","509.31","2338.86","17.77","18.98","1068.09","3.65","4.78","1309.59","4.77","3.88","813.42","11.33","12.7","1120.92","23.28","21.54","925.26","0.01","0.01","1000.0","0.0","0.0","0.0","5.77","27.15","4705.37"
"216","2008","12","Uttar Pradesh","Varanasi","196.63","476.53","2423.49","212.59","541.84","2548.76","16.97","17.42","1026.52","3.69","4.48","1214.09","4.71","4.84","1027.6","10.81","9.23","853.84","19.5","15.3","784.62","0.01","0.01","1000.0","0.0","0.0","0.0","5.86","26.88","4587.03"
"216","2009","12","Uttar Pradesh","Varanasi","164.27","308.05","1875.27","212.28","478.33","2253.3","18.99","20.22","1064.77","3.73","5.0","1340.48","4.91","4.44","904.28","11.06","5.02","453.89","18.75","16.77","894.4","0.0","0.0","0.0","0.0","0.0","0.0","5.64","26.6","4716.31"
"216","2010","12","Uttar Pradesh","Varanasi","184.99","454.49","2456.84","212.62","572.8","2694.01","18.78","21.62","1151.22","3.72","5.09","1368.28","4.82","4.62","958.51","11.13","9.18","824.8","18.67","16.94","907.34","0.0","0.0","0.0","0.0","0.0","0.0","5.63","25.97","4612.79"
"216","2011","12","Uttar Pradesh","Varanasi","179.82","458.49","2549.72","215.03","611.59","2844.21","18.86","29.1","1542.95","3.67","4.98","1356.95","4.76","5.76","1210.08","10.47","8.9","850.05","18.31","20.58","1123.98","0.0","0.0","0.0","0.0","0.0","0.0","5.54","28.13","5077.62"
"216","2012","12","Uttar Pradesh","Varanasi","174.38","465.76","2670.95","219.42","655.35","2986.74","18.83","23.18","1231.01","3.74","6.08","1625.67","4.65","5.3","1139.78","11.42","13.28","1162.87","17.59","13.13","746.45","0.0","0.0","0.0","0.0","0.0","0.0","5.82","30.28","5202.75"
"216","2013","12","Uttar Pradesh","Varanasi","187.12","472.72","2526.29","219.96","589.23","2678.81","19.17","22.64","1181.01","3.66","5.89","1609.29","3.81","3.58","939.63","11.43","11.83","1035.0","18.29","12.59","688.35","0.01","0.01","1000.0","0.0","0.0","0.0","5.48","33.19","6056.57"
"216","2014","12","Uttar Pradesh","Varanasi","174.44","467.59","2680.52","212.11","341.32","1609.17","23.91","31.1","1300.71","3.43","5.26","1533.53","4.18","2.78","665.07","14.24","14.54","1021.07","0.0","0.0","0.0","0.0","0.0","0.0","0.0","0.0","0.0","5.72","36.07","6305.94"
"216","2015","12","Uttar Pradesh","Varanasi","187.87","504.19","2683.72","215.08","460.91","2142.97","19.53","20.84","1067.08","3.53","5.12","1450.42","4.42","4.42","1000.0","10.87","12.12","1115.0","17.38","11.88","683.87","0.02","0.02","1000.0","0.0","0.0","0.0","5.52","35.03","6350.09"
"216","2016","12","Uttar Pradesh","Varanasi","196.4","526.55","2681.03","216.15","677.55","3134.62","19.98","18.21","911.34","3.7","5.93","1602.22","4.86","6.77","1392.39","11.18","12.81","1146.04","18.91","16.66","880.76","0.0","0.0","750.0","0.0","0.0","0.0","5.64","37.57","6660.27"
"216","2017","12","Uttar Pradesh","Varanasi","194.46","573.42","2948.8","230.27","797.84","3464.76","18.95","22.31","1176.89","3.4","5.86","1721.42","3.59","4.92","1372.56","11.08","14.09","1271.8","19.37","17.2","888.13","0.0","0.0","1000.0","0.0","0.0","0.0","4.36","30.43","6975.41"
"217","2007","12","Uttar Pradesh","Mirzpur","127.99","169.48","1324.17","145.09","258.75","1783.38","9.54","9.75","1022.01","17.03","13.56","796.24","25.39","23.87","940.13","24.75","16.65","672.73","25.89","20.36","786.4","3.16","3.4","1075.95","0.01","0.0","0.0","1.84","10.54","5728.26"
"217","2008","12","Uttar Pradesh","Mirzpur","147.9","273.22","1847.33","150.46","264.61","1758.67","9.09","8.31","914.19","15.04","8.94","594.41","24.77","22.93","925.72","22.41","15.94","711.29","24.44","18.93","774.55","2.62","3.96","1511.45","0.0","0.0","0.0","1.9","9.99","5257.89"
"217","2009","12","Uttar Pradesh","Mirzpur","100.12","144.28","1441.07","149.22","290.52","1946.92","10.01","12.34","1232.77","15.08","10.33","685.01","25.09","23.59","940.22","22.31","9.98","447.33","26.99","23.25","861.43","2.66","3.39","1274.44","0.0","0.0","0.0","1.74","8.86","5091.95"
"217","2010","12","Uttar Pradesh","Mirzpur","116.45","216.54","1859.51","151.04","317.7","2103.42","9.99","14.28","1429.43","14.9","13.19","885.23","24.72","25.45","1029.53","22.86","18.03","788.71","25.42","17.47","687.25","2.58","4.32","1674.42","0.0","0.0","0.0","1.82","9.73","5346.15"
"217","2011","12","Uttar Pradesh","Mirzpur","125.91","266.41","2115.88","152.0","342.55","2253.62","9.86","13.9","1409.74","16.74","14.33","856.03","24.6","26.19","1064.63","25.97","24.14","929.53","26.06","24.34","934.0","2.69","5.96","2215.61","0.0","0.0","0.0","1.82","10.14","5571.43"
"217","2012","12","Uttar Pradesh","Mirzpur","124.5","282.22","2266.83","151.59","371.17","2448.51","9.86","13.3","1348.88","16.58","16.63","1003.02","24.66","29.02","1176.8","26.06","27.99","1074.06","25.19","23.35","926.96","3.09","5.68","1838.19","0.0","0.0","0.0","1.63","8.83","5417.18"
"217","2013","12","Uttar Pradesh","Mirzpur","111.94","253.45","2264.16","155.38","384.3","2473.29","14.04","17.02","1212.25","14.67","17.02","1160.19","20.59","22.18","1077.22","22.15","19.93","899.77","30.16","24.06","797.75","2.54","3.41","1342.52","0.0","0.0","0.0","1.95","12.42","6369.23"
"217","2014","12","Uttar Pradesh","Mirzpur","110.56","240.11","2171.76","156.13","292.35","1872.48","8.6","11.2","1302.33","17.15","18.21","1061.81","23.89","23.41","979.91","23.05","19.45","843.82","0.0","0.0","0.0","0.44","0.73","1659.09","0.0","0.0","0.0","1.82","11.94","6560.44"
"217","2015","12","Uttar Pradesh","Mirzpur","126.61","209.26","1652.79","149.12","253.68","1701.18","9.29","9.87","1062.43","16.1","14.39","893.79","22.14","17.31","781.84","19.87","14.46","727.73","23.97","15.7","655.12","0.64","0.49","765.63","0.0","0.0","0.0","1.86","12.46","6703.17"
"217","2016","12","Uttar Pradesh","Mirzpur","123.77","325.32","2628.42","154.54","410.15","2654.06","10.1","12.68","1255.62","17.0","14.39","846.68","25.15","29.67","1179.57","27.09","30.51","1126.27","25.02","22.3","891.1","2.69","0.85","314.15","0.0","0.0","0.0","2.0","14.55","7266.68"
"217","2017","12","Uttar Pradesh","Mirzpur","123.58","321.45","2601.1","148.82","406.61","2732.25","9.88","11.65","1178.95","15.28","15.43","1009.75","25.1","35.13","1399.79","22.59","23.01","1018.77","25.29","23.06","911.84","2.66","5.61","2107.89","0.0","0.0","0.0","1.77","14.02","7924.48"
"218","2007","12","Uttar Pradesh","Jaunpur","142.37","274.38","1927.23","206.57","547.58","2650.82","5.71","6.22","1089.32","45.44","63.59","1399.43","5.16","4.16","806.2","10.24","13.4","1308.59","12.61","14.9","1181.6","0.0","0.0","0.0","0.0","0.0","0.0","9.98","53.69","5379.76"
"218","2008","12","Uttar Pradesh","Jaunpur","147.01","316.66","2154.0","207.9","592.95","2852.09","5.55","5.27","949.55","45.01","58.89","1308.38","5.11","5.42","1060.67","10.08","7.93","786.71","12.6","10.86","861.9","0.0","0.0","0.0","0.0","0.0","0.0","9.83","52.63","5354.02"
"218","2009","12","Uttar Pradesh","Jaunpur","140.84","278.3","1976.0","208.11","565.98","2719.62","5.58","7.88","1412.19","43.25","61.81","1429.13","5.09","4.57","897.84","8.19","4.69","572.65","14.48","10.95","756.22","0.0","0.0","0.0","0.0","0.0","0.0","9.68","52.53","5426.65"
"218","2010","12","Uttar Pradesh","Jaunpur","144.03","300.61","2087.13","209.95","599.88","2857.25","6.12","8.27","1351.31","45.35","66.27","1461.3","5.06","4.85","958.5","10.14","7.84","773.18","13.22","14.86","1124.05","0.0","0.0","0.0","0.0","0.0","0.0","9.61","53.69","5586.89"
"218","2011","12","Uttar Pradesh","Jaunpur","145.19","325.06","2238.86","209.64","668.28","3187.75","6.04","9.51","1574.5","45.51","66.25","1455.72","4.94","6.14","1242.91","10.07","9.09","902.68","13.27","13.25","998.49","0.0","0.0","0.0","0.0","0.0","0.0","9.58","50.42","5263.05"
"218","2012","12","Uttar Pradesh","Jaunpur","147.19","343.97","2336.91","210.45","655.14","3113.04","5.5","7.78","1414.55","44.81","79.22","1767.91","4.93","5.67","1150.1","8.57","9.1","1061.84","13.29","9.9","744.92","0.0","0.0","0.0","0.0","0.0","0.0","9.58","53.5","5584.55"
"218","2013","12","Uttar Pradesh","Jaunpur","149.52","342.39","2289.93","210.67","602.94","2862.01","10.29","8.96","870.75","43.92","69.35","1579.01","5.13","4.81","937.62","13.33","12.81","960.99","11.65","7.38","633.48","0.0","0.0","0.0","0.0","0.0","0.0","11.31","64.86","5734.75"
"218","2014","12","Uttar Pradesh","Jaunpur","140.43","338.99","2413.94","209.45","405.49","1935.98","6.63","8.22","1239.82","45.5","72.37","1590.55","4.66","3.03","650.21","11.95","11.68","977.41","0.0","0.0","0.0","0.0","0.0","0.0","0.0","0.0","0.0","9.87","56.52","5726.44"
"218","2015","12","Uttar Pradesh","Jaunpur","143.9","253.26","1759.97","219.05","582.89","2660.99","5.91","6.6","1116.75","44.1","63.69","1444.22","1.79","3.18","1776.54","9.98","9.52","953.91","13.52","12.48","922.81","0.0","0.0","0.0","0.0","0.0","0.0","8.31","47.69","5735.2"
"218","2016","12","Uttar Pradesh","Jaunpur","153.46","359.4","2342.0","206.88","668.23","3230.0","6.75","7.83","1159.66","46.4","71.68","1544.97","5.05","11.48","2271.67","10.14","8.48","836.78","13.91","18.12","1302.88","0.0","0.0","0.0","0.0","0.0","0.0","8.73","55.13","6312.0"
"218","2017","12","Uttar Pradesh","Jaunpur","157.28","362.68","2306.0","207.67","735.15","3540.0","4.94","5.8","1174.19","43.35","67.23","1550.96","5.05","7.48","1481.0","7.3","5.09","697.25","12.09","13.15","1088.19","0.0","0.0","0.0","0.0","0.0","0.0","9.52","62.68","6587.2"
"219","2007","12","Uttar Pradesh","Ghazipur","151.65","327.75","2161.23","169.66","410.92","2422.02","13.89","19.97","1437.72","0.71","1.0","1408.45","4.22","3.4","805.69","6.05","6.29","1039.67","16.95","18.52","1092.63","0.02","0.01","500.0","0.0","0.0","0.0","7.42","37.81","5095.69"
"219","2008","12","Uttar Pradesh","Ghazipur","151.78","339.24","2235.08","170.63","453.5","2657.8","13.69","19.35","1413.44","0.64","0.85","1328.13","4.2","4.46","1061.9","5.92","4.66","787.16","16.97","20.21","1190.93","0.06","0.04","666.67","0.0","0.0","0.0","7.3","26.84","3676.71"
"219","2009","12","Uttar Pradesh","Ghazipur","145.7","270.31","1855.25","172.76","477.16","2761.98","14.44","23.92","1656.51","0.64","0.91","1421.88","4.22","3.79","898.1","6.72","3.85","572.92","15.1","15.54","1029.14","0.06","0.04","666.67","0.0","0.0","0.0","7.18","25.6","3565.46"
"219","2010","12","Uttar Pradesh","Ghazipur","149.9","315.09","2102.0","172.02","464.67","2701.26","13.84","19.55","1412.57","0.66","0.97","1469.7","4.2","4.02","957.14","6.02","4.66","774.09","15.99","17.0","1063.16","0.06","0.06","1000.0","0.0","0.0","0.0","7.31","21.66","2963.06"
"219","2011","12","Uttar Pradesh","Ghazipur","148.84","340.25","2286.01","172.76","485.56","2810.6","14.57","22.48","1542.9","0.66","0.98","1484.85","4.18","5.2","1244.02","5.82","5.25","902.06","15.87","19.19","1209.2","0.06","0.05","833.33","0.0","0.0","0.0","7.29","33.48","4592.59"
"219","2012","12","Uttar Pradesh","Ghazipur","149.18","348.62","2336.91","174.61","501.74","2873.49","16.15","24.46","1514.55","0.65","1.15","1769.23","4.3","4.94","1148.84","5.54","6.31","1138.99","16.09","17.46","1085.15","0.0","0.0","0.0","0.0","0.0","0.0","7.63","35.2","4613.37"
"219","2013","12","Uttar Pradesh","Ghazipur","148.9","318.04","2135.93","174.04","457.0","2625.83","14.99","11.0","733.82","0.76","1.54","2026.32","4.3","4.04","939.53","5.64","4.69","831.56","11.99","8.83","736.45","0.04","0.04","1000.0","0.0","0.0","0.0","7.38","35.86","4859.08"
"219","2014","12","Uttar Pradesh","Ghazipur","136.67","294.26","2153.07","175.21","309.38","1765.77","13.04","23.38","1792.94","0.8","1.35","1687.5","3.96","5.12","1292.93","6.28","6.94","1105.1","0.0","0.0","0.0","0.12","0.1","833.33","0.0","0.0","0.0","7.24","39.61","5470.99"
"219","2015","12","Uttar Pradesh","Ghazipur","154.41","334.3","2165.02","193.11","460.78","2386.1","17.32","30.0","1732.1","1.14","1.38","1210.53","2.48","3.87","1560.48","4.98","4.34","871.49","8.56","9.45","1104.37","0.07","0.05","714.29","0.0","0.0","0.0","5.56","31.64","5692.41"
"219","2016","12","Uttar Pradesh","Ghazipur","147.67","317.05","2147.0","180.11","577.94","3208.9","15.53","10.54","678.94","0.86","0.94","1095.02","5.4","13.19","2442.3","6.09","5.32","875.1","15.43","16.71","1082.56","0.05","0.05","905.66","0.0","0.0","0.0","7.5","42.78","5707.6"
"219","2017","12","Uttar Pradesh","Ghazipur","154.82","384.25","2482.0","166.21","494.15","2973.0","14.76","15.48","1048.57","0.81","1.03","1267.24","4.26","7.39","1732.82","5.39","6.84","1268.51","16.78","19.02","1133.51","0.05","0.06","1018.18","0.0","0.0","0.0","7.31","45.25","6191.6"
"220","2007","12","Uttar Pradesh","Ballia","121.28","225.02","1855.38","141.51","368.14","2601.51","1.75","2.72","1554.29","26.2","20.63","787.4","3.15","3.17","1006.35","6.26","4.28","683.71","22.03","26.1","1184.75","0.33","0.19","575.76","0.0","0.0","0.0","7.15","24.46","3420.98"
"220","2008","12","Uttar Pradesh","Ballia","115.77","230.73","1993.0","140.94","379.79","2694.69","1.19","2.04","1714.29","7.91","4.91","620.73","3.26","3.27","1003.07","3.5","1.1","314.29","22.25","26.51","1191.46","0.26","0.19","730.77","0.0","0.0","0.0","7.29","24.3","3333.33"
"220","2009","12","Uttar Pradesh","Ballia","111.06","220.12","1981.99","138.98","353.23","2541.59","1.89","3.21","1698.41","29.89","41.51","1388.76","3.43","3.18","927.11","3.85","2.88","748.05","24.16","25.16","1041.39","0.27","0.18","666.67","0.0","0.0","0.0","6.13","24.15","3939.64"
"220","2010","12","Uttar Pradesh","Ballia","115.98","221.93","1913.52","139.32","408.94","2935.26","1.89","2.02","1068.78","29.91","47.05","1573.05","3.24","3.95","1219.14","6.24","8.91","1427.88","21.95","24.47","1114.81","0.28","0.28","1000.0","0.0","0.0","0.0","6.02","23.11","3838.87"
"220","2011","12","Uttar Pradesh","Ballia","116.37","295.63","2540.43","136.35","443.13","3249.94","1.9","2.46","1294.74","32.72","57.91","1769.87","3.2","4.2","1312.5","4.02","1.62","402.99","23.87","29.63","1241.31","0.29","0.28","965.52","0.05","0.07","1400.0","6.15","24.55","3991.87"
"220","2012","12","Uttar Pradesh","Ballia","112.17","244.3","2177.94","135.9","459.03","3377.7","2.06","3.96","1922.33","33.5","65.6","1958.21","2.99","4.97","1662.21","6.04","6.78","1122.52","21.6","29.13","1348.61","0.32","0.32","1000.0","0.0","0.0","0.0","5.87","28.19","4802.39"
"220","2013","12","Uttar Pradesh","Ballia","118.0","261.96","2220.0","137.86","395.89","2871.68","1.77","2.25","1271.19","31.3","47.36","1513.1","3.28","2.61","795.73","6.37","4.6","722.14","20.38","21.96","1077.53","0.24","0.22","916.67","0.0","0.0","0.0","6.15","31.99","5201.63"
"220","2014","12","Uttar Pradesh","Ballia","122.46","251.91","2057.08","141.82","321.8","2269.07","2.01","4.0","1990.05","32.06","47.68","1487.21","1.55","2.2","1419.35","5.08","5.58","1098.43","0.0","0.0","0.0","0.04","0.03","750.0","0.0","0.0","0.0","4.1","21.33","5202.44"
"220","2015","12","Uttar Pradesh","Ballia","115.76","196.1","1694.02","139.2","376.86","2707.33","2.27","4.11","1810.57","32.73","38.52","1176.9","1.19","1.1","924.37","4.85","4.3","886.6","14.98","17.12","1143.43","0.16","0.11","687.5","0.0","0.0","0.0","4.02","23.26","5784.41"
"220","2016","12","Uttar Pradesh","Ballia","115.91","276.56","2386.0","137.66","542.43","3940.22","1.95","3.7","1900.97","31.71","31.62","997.19","3.21","5.65","1762.01","6.37","6.75","1058.85","22.2","30.55","1375.99","0.17","0.15","903.61","0.0","0.0","0.0","6.31","41.54","6580.8"
"220","2017","12","Uttar Pradesh","Ballia","115.87","290.02","2503.0","136.89","495.07","3616.48","1.98","3.83","1930.84","31.76","60.94","1918.55","3.34","5.6","1677.45","6.7","7.85","1172.44","22.39","29.27","1307.74","0.24","0.24","1012.66","0.0","0.0","0.0","6.48","35.62","5496.81"
"221","2007","12","Uttar Pradesh","Gorakhpur","317.41","649.06","2044.86","334.5","973.22","2909.48","0.05","0.08","1600.0","4.04","2.62","648.51","0.48","0.34","708.33","6.8","4.06","597.06","15.49","13.84","893.48","5.45","4.1","752.29","0.0","0.0","0.0","22.5","125.07","5558.67"
"221","2008","12","Uttar Pradesh","Gorakhpur","318.67","683.54","2144.98","335.67","925.26","2756.46","0.02","0.03","1500.0","2.46","1.04","422.76","0.48","0.44","916.67","3.74","2.5","668.45","15.53","13.09","842.88","4.18","4.32","1033.49","0.0","0.0","0.0","20.87","107.83","5166.75"
"221","2009","12","Uttar Pradesh","Gorakhpur","321.57","689.91","2145.44","339.6","933.61","2749.15","0.04","0.06","1500.0","3.38","3.61","1068.05","0.58","0.44","758.62","4.6","2.98","647.83","15.21","13.12","862.59","4.3","2.81","653.49","0.0","0.0","0.0","20.53","104.65","5097.42"
"221","2010","12","Uttar Pradesh","Gorakhpur","319.9","672.53","2102.31","337.28","1024.99","3038.99","0.02","0.04","2000.0","3.19","1.97","617.55","0.58","0.55","948.28","4.38","2.89","659.82","14.4","12.51","868.75","4.66","5.91","1268.24","0.0","0.0","0.0","20.48","115.28","5628.91"
"221","2011","12","Uttar Pradesh","Gorakhpur","320.33","729.07","2276.0","341.7","1036.73","3034.04","0.01","0.01","1000.0","3.08","3.78","1227.27","0.57","0.61","1070.18","4.54","3.43","755.51","14.18","9.87","696.05","4.38","5.81","1326.48","0.0","0.0","0.0","20.47","121.65","5942.84"
"221","2012","12","Uttar Pradesh","Gorakhpur","316.05","749.79","2372.38","344.61","1103.37","3201.79","0.01","0.01","1000.0","3.11","4.46","1434.08","0.51","0.48","941.18","4.52","3.25","719.03","15.13","12.44","822.21","4.28","6.39","1492.99","0.0","0.0","0.0","21.32","130.6","6125.7"
"221","2013","12","Uttar Pradesh","Gorakhpur","311.9","760.63","2438.7","339.39","1118.82","3296.56","0.01","0.01","1000.0","2.69","2.75","1022.3","1.1","0.72","654.55","3.62","3.35","925.41","13.45","8.24","612.64","4.35","5.23","1202.3","0.0","0.0","0.0","21.23","129.98","6122.47"
"221","2014","12","Uttar Pradesh","Gorakhpur","318.4","744.0","2336.68","342.58","692.9","2022.59","0.0","0.01","0.0","3.34","5.43","1625.75","0.88","0.32","363.64","3.82","1.39","363.87","0.0","0.0","0.0","4.19","5.06","1207.64","0.01","0.0","0.0","18.88","113.32","6002.12"
"221","2015","12","Uttar Pradesh","Gorakhpur","320.34","628.4","1961.67","343.98","884.12","2570.27","0.02","0.03","1500.0","3.48","4.99","1433.91","0.37","0.22","594.59","3.74","2.47","660.43","13.88","9.72","699.94","4.6","4.48","973.91","0.0","0.0","0.0","17.82","105.32","5910.15"
"221","2016","12","Uttar Pradesh","Gorakhpur","318.29","702.75","2207.85","340.3","1222.98","3593.81","0.01","0.01","1875.0","3.83","5.21","1360.41","0.55","0.57","1023.51","4.94","4.6","930.62","14.64","12.74","870.66","5.89","6.22","1054.99","0.0","0.0","0.0","20.09","128.17","6379.88"
"221","2017","12","Uttar Pradesh","Gorakhpur","319.73","805.12","2518.15","337.69","1330.08","3938.81","0.01","0.02","1888.89","3.06","2.45","802.68","0.35","0.38","1064.97","3.33","1.8","540.65","14.49","14.15","976.88","4.24","4.82","1136.26","0.0","0.0","0.0","19.98","131.38","6574.07"
"222","2007","12","Uttar Pradesh","Deoria","251.91","564.78","2241.99","254.59","738.13","2899.29","0.29","0.45","1551.72","13.36","14.56","1089.82","0.15","0.1","666.67","7.27","4.34","596.97","7.17","6.5","906.56","2.98","2.24","751.68","0.0","0.0","0.0","80.54","415.31","5156.57"
"222","2008","12","Uttar Pradesh","Deoria","252.17","596.19","2364.24","262.12","728.35","2778.69","0.19","0.32","1684.21","12.4","15.92","1283.87","0.12","0.11","916.67","6.03","4.03","668.33","6.61","5.95","900.15","2.19","1.54","703.2","0.0","0.0","0.0","80.41","385.91","4799.28"
"222","2009","12","Uttar Pradesh","Deoria","255.3","456.87","1789.54","265.31","679.62","2561.61","0.32","0.54","1687.5","11.95","16.85","1410.04","0.12","0.09","750.0","4.39","2.84","646.92","8.89","7.75","871.77","2.31","1.51","653.68","0.0","0.0","0.0","78.34","405.49","5176.03"
"222","2010","12","Uttar Pradesh","Deoria","255.54","550.05","2152.5","264.59","776.38","2934.28","0.24","0.41","1708.33","11.6","20.18","1739.66","0.09","0.09","1000.0","5.63","3.86","685.61","6.38","5.8","909.09","2.21","2.8","1266.97","0.0","0.0","0.0","79.58","405.16","5091.23"
"222","2011","12","Uttar Pradesh","Deoria","254.83","583.62","2290.23","273.49","838.0","3064.1","0.26","0.5","1923.08","11.85","23.92","2018.57","0.1","0.11","1100.0","5.56","5.56","1000.0","6.45","4.63","717.83","2.21","2.46","1113.12","0.0","0.0","0.0","80.85","419.33","5186.52"
"222","2012","12","Uttar Pradesh","Deoria","264.66","622.76","2353.06","269.68","814.86","3021.58","0.14","0.29","2071.43","12.45","28.95","2325.3","0.1","0.09","900.0","5.5","3.74","680.0","6.44","5.46","847.83","2.24","3.55","1584.82","0.0","0.0","0.0","79.54","454.21","5710.46"
"222","2013","12","Uttar Pradesh","Deoria","258.23","654.34","2533.94","271.99","824.37","3030.88","0.28","0.58","2071.43","12.64","35.26","2789.56","0.43","0.28","651.16","6.53","6.03","923.43","6.33","4.32","682.46","2.9","4.2","1448.28","0.0","0.0","0.0","108.87","647.59","5948.29"
"222","2014","12","Uttar Pradesh","Deoria","251.34","520.68","2071.62","271.67","485.08","1785.55","0.25","0.5","2000.0","12.64","31.08","2458.86","0.14","0.05","357.14","5.73","2.08","363.0","0.0","0.0","0.0","2.34","2.75","1175.21","0.0","0.0","0.0","79.1","478.57","6050.19"
"222","2015","12","Uttar Pradesh","Deoria","236.49","274.07","1158.91","274.07","672.98","2455.5","0.32","0.58","1812.5","12.61","30.19","2394.13","0.11","0.07","636.36","3.98","2.63","660.8","5.36","4.08","761.15","2.66","1.64","616.54","0.0","0.0","0.0","75.54","472.0","6248.46"
"222","2016","12","Uttar Pradesh","Deoria","260.11","533.78","2052.11","269.86","859.79","3186.1","0.48","0.87","1832.29","15.21","40.54","2665.83","0.12","0.13","1024.59","6.02","5.61","930.78","4.94","4.77","965.17","2.38","2.34","983.63","0.0","0.0","0.0","78.9","524.09","6642.39"
"222","2017","12","Uttar Pradesh","Deoria","255.14","640.36","2509.8","271.13","894.56","3299.32","0.25","0.49","1932.27","15.86","43.51","2744.37","0.11","0.12","1063.64","5.35","2.89","540.56","6.81","6.88","1010.73","2.37","2.35","992.4","0.0","0.0","0.0","79.11","573.87","7253.87"
"223","2007","12","Uttar Pradesh","Basti","372.08","729.49","1960.57","366.66","866.61","2363.52","0.06","0.1","1666.67","6.07","8.83","1454.7","2.25","1.59","706.67","12.82","9.64","751.95","21.5","19.84","922.79","0.84","0.49","583.33","0.0","0.0","0.0","44.03","227.54","5167.84"
"223","2008","12","Uttar Pradesh","Basti","375.06","811.07","2162.51","370.5","975.47","2632.85","0.06","0.11","1833.33","6.15","9.42","1531.71","2.28","2.27","995.61","12.28","8.2","667.75","19.31","20.76","1075.09","0.97","0.71","731.96","0.0","0.0","0.0","41.51","192.31","4632.86"
"223","2009","12","Uttar Pradesh","Basti","374.35","775.59","2071.83","362.12","898.58","2481.44","0.01","0.02","2000.0","5.93","8.58","1446.88","2.15","1.76","818.6","9.17","5.94","647.76","18.81","21.19","1126.53","0.88","0.58","659.09","0.0","0.0","0.0","37.51","191.23","5098.11"
"223","2010","12","Uttar Pradesh","Basti","368.26","805.26","2186.66","362.8","1064.38","2933.79","0.01","0.02","2000.0","5.04","6.1","1210.32","1.52","1.35","888.16","8.33","5.19","623.05","18.68","18.46","988.22","1.32","1.31","992.42","0.0","0.0","0.0","45.03","236.4","5249.83"
"223","2011","12","Uttar Pradesh","Basti","355.31","876.12","2465.79","367.12","1175.49","3201.92","0.01","0.02","2000.0","4.71","8.36","1774.95","1.37","1.61","1175.18","2.56","1.89","738.28","23.14","25.32","1094.21","0.98","0.97","989.8","0.1","0.12","1200.0","44.41","249.06","5608.2"
"223","2012","12","Uttar Pradesh","Basti","356.77","876.76","2457.49","370.8","1188.05","3204.02","0.01","0.02","2000.0","4.86","9.01","1853.91","1.23","1.36","1105.69","8.48","7.22","851.42","17.37","21.78","1253.89","1.9","1.89","994.74","0.0","0.0","0.0","45.05","271.86","6034.63"
"223","2013","12","Uttar Pradesh","Basti","368.75","949.18","2574.05","369.14","1283.94","3478.19","0.01","0.02","2000.0","5.13","9.79","1908.38","1.19","0.51","428.57","7.9","6.89","872.15","17.68","15.27","863.69","0.74","0.66","891.89","0.0","0.0","0.0","45.09","277.64","6157.46"
"223","2014","12","Uttar Pradesh","Basti","365.71","779.56","2131.63","371.69","886.12","2384.03","0.02","0.04","2000.0","4.58","8.16","1781.66","1.66","0.5","301.2","7.88","4.99","633.25","0.0","0.0","0.0","0.85","0.74","870.59","0.0","0.0","0.0","42.51","266.55","6270.29"
"223","2015","12","Uttar Pradesh","Basti","362.07","741.14","2046.95","354.76","1030.69","2905.32","0.0","0.01","0.0","4.66","8.65","1856.22","0.9","0.55","611.11","7.63","4.96","650.07","15.05","12.94","859.82","1.43","0.96","671.33","0.0","0.0","0.0","46.0","281.83","6126.4"
"223","2016","12","Uttar Pradesh","Basti","373.91","817.97","2187.61","367.58","1308.39","3559.47","0.01","0.02","1692.31","4.61","4.39","951.64","1.29","1.43","1103.72","8.83","6.6","747.06","18.99","19.6","1032.13","1.29","1.16","903.8","0.0","0.0","0.0","41.12","268.7","6534.8"
"223","2017","12","Uttar Pradesh","Basti","370.85","955.54","2576.61","368.44","1391.74","3777.38","0.0","0.0","2000.0","4.89","4.72","965.62","1.34","1.44","1071.43","8.32","5.91","709.99","19.53","22.27","1140.42","1.4","1.42","1012.88","0.0","0.0","0.0","45.96","303.7","6607.2"
"224","2007","12","Uttar Pradesh","Azamgarh","309.33","584.26","1888.79","327.27","846.72","2587.22","0.17","0.26","1529.41","8.04","12.63","1570.9","5.13","6.53","1272.9","12.5","8.33","666.4","9.98","13.54","1356.71","0.6","0.35","583.33","0.0","0.0","0.0","28.71","118.49","4127.13"
"224","2008","12","Uttar Pradesh","Azamgarh","313.68","622.88","1985.72","329.72","899.81","2729.01","0.13","0.23","1769.23","6.71","6.66","992.55","4.82","5.96","1236.51","9.35","4.21","450.27","9.85","12.04","1222.34","0.57","0.42","736.84","0.0","0.0","0.0","26.87","112.46","4185.34"
"224","2009","12","Uttar Pradesh","Azamgarh","286.76","477.82","1666.27","326.14","825.53","2531.21","0.22","0.36","1636.36","7.3","12.93","1771.23","4.76","4.92","1033.61","10.38","8.59","827.55","10.66","12.07","1132.27","0.56","0.37","660.71","0.0","0.0","0.0","25.07","107.34","4281.61"
"224","2010","12","Uttar Pradesh","Azamgarh","299.36","596.0","1990.91","327.84","919.37","2804.33","0.18","0.2","1111.11","7.19","11.2","1557.72","4.48","5.45","1216.52","11.45","8.94","780.79","9.15","11.26","1230.6","0.49","0.49","1000.0","0.0","0.0","0.0","24.22","106.83","4410.82"
"224","2011","12","Uttar Pradesh","Azamgarh","298.23","678.51","2275.12","327.06","954.77","2919.25","0.14","0.18","1285.71","7.02","10.7","1524.22","4.6","6.04","1313.04","10.75","11.4","1060.47","8.79","11.71","1332.2","0.6","0.6","1000.0","0.0","0.0","0.0","23.6","112.72","4776.27"
"224","2012","12","Uttar Pradesh","Azamgarh","295.37","634.34","2147.61","330.58","1008.85","3051.76","0.16","0.3","1875.0","7.31","13.1","1792.07","4.84","8.05","1663.22","11.62","12.73","1095.52","9.0","12.86","1428.89","0.63","0.62","984.13","0.0","0.0","0.0","26.26","145.25","5531.23"
"224","2013","12","Uttar Pradesh","Azamgarh","305.06","662.6","2172.03","325.69","1004.07","3082.9","0.16","0.2","1250.0","6.81","13.34","1958.88","4.96","3.96","798.39","10.87","7.99","735.05","7.58","4.51","594.99","0.48","0.43","895.83","0.0","0.0","0.0","26.3","147.13","5594.3"
"224","2014","12","Uttar Pradesh","Azamgarh","293.74","560.61","1908.52","339.0","715.04","2109.26","0.14","0.27","1928.57","7.51","14.07","1873.5","4.24","6.01","1417.45","10.48","13.45","1283.4","0.0","0.0","0.0","0.6","0.52","866.67","0.0","0.0","0.0","26.69","158.16","5925.81"
"224","2015","12","Uttar Pradesh","Azamgarh","292.99","533.16","1819.72","324.1","863.01","2662.79","0.04","0.08","2000.0","6.27","10.51","1676.24","1.48","1.38","932.43","10.05","10.17","1011.94","7.94","7.12","897.58","0.52","0.35","673.08","0.0","0.0","0.0","26.87","155.67","5794.13"
"224","2016","12","Uttar Pradesh","Azamgarh","299.17","676.36","2260.81","326.75","1093.74","3347.35","0.16","0.3","1898.73","7.24","11.73","1619.72","4.73","7.74","1637.48","10.53","16.08","1527.12","8.81","12.42","1409.81","0.49","0.45","904.67","0.0","0.0","0.0","25.67","154.17","6004.96"
"224","2017","12","Uttar Pradesh","Azamgarh","307.36","730.13","2375.45","330.47","1161.7","3515.33","0.16","0.31","1931.25","6.44","10.81","1679.25","4.65","4.89","1052.05","6.94","5.96","858.46","7.88","8.29","1052.04","0.5","0.5","1014.06","0.0","0.0","0.0","25.56","155.61","6087.1"
"225","2007","12","Uttar Pradesh","Lucknow","51.39","94.06","1830.32","84.09","216.47","2574.27","1.36","1.3","955.88","2.28","3.36","1473.68","1.47","1.46","993.2","1.41","1.36","964.54","12.68","7.93","625.39","0.13","0.09","692.31","0.0","0.0","0.0","0.47","2.55","5425.53"
"225","2008","12","Uttar Pradesh","Lucknow","52.48","111.68","2128.05","83.96","229.16","2729.4","0.82","0.87","1060.98","1.58","1.91","1208.86","1.36","1.54","1132.35","0.91","0.94","1032.97","10.59","5.75","542.97","0.1","0.06","600.0","0.0","0.0","0.0","0.36","1.81","5027.78"
"225","2009","12","Uttar Pradesh","Lucknow","48.19","106.3","2205.85","83.69","228.58","2731.27","0.91","0.78","857.14","1.54","1.94","1259.74","1.31","1.12","854.96","0.75","0.55","733.33","10.71","6.61","617.18","0.08","0.07","875.0","0.0","0.0","0.0","0.2","1.08","5400.0"
"225","2010","12","Uttar Pradesh","Lucknow","51.54","98.59","1912.88","84.63","239.52","2830.2","0.91","1.02","1120.88","1.47","1.44","979.59","1.19","0.73","613.45","0.93","0.78","838.71","11.17","7.84","701.88","0.12","0.09","750.0","0.0","0.0","0.0","0.14","0.8","5714.29"
"225","2011","12","Uttar Pradesh","Lucknow","51.58","103.6","2008.53","83.48","226.84","2717.3","0.9","0.97","1077.78","1.54","1.75","1136.36","1.0","1.08","1080.0","0.86","0.75","872.09","10.87","5.84","537.26","0.09","0.07","777.78","0.0","0.0","0.0","0.24","1.42","5916.67"
"225","2012","12","Uttar Pradesh","Lucknow","51.14","104.83","2049.86","83.39","239.49","2871.93","0.81","0.7","864.2","1.44","2.15","1493.06","0.94","1.11","1180.85","0.8","0.65","812.5","10.36","4.91","473.94","0.09","0.06","666.67","0.0","0.0","0.0","0.26","1.62","6230.77"
"225","2013","12","Uttar Pradesh","Lucknow","52.16","105.67","2025.88","81.36","241.81","2972.1","0.79","0.63","797.47","1.26","2.14","1698.41","1.17","0.56","478.63","0.81","0.6","740.74","8.24","3.58","434.47","0.06","0.05","833.33","0.0","0.0","0.0","0.2","1.27","6350.0"
"225","2014","12","Uttar Pradesh","Lucknow","54.13","125.84","2324.77","79.32","144.51","1821.86","0.63","0.67","1063.49","1.58","1.35","854.43","0.65","0.35","538.46","0.53","0.21","396.23","0.0","0.0","0.0","0.06","0.05","833.33","0.0","0.0","0.0","0.2","1.29","6450.0"
"225","2015","12","Uttar Pradesh","Lucknow","52.94","107.27","2026.26","78.65","176.4","2242.85","0.55","0.64","1163.64","1.11","1.38","1243.24","0.62","0.31","500.0","0.51","0.45","882.35","9.26","4.98","537.19","0.07","0.05","714.29","0.0","0.0","0.0","0.2","1.34","6597.54"
"225","2016","12","Uttar Pradesh","Lucknow","63.8","124.29","1948.0","80.52","228.83","2842.0","0.87","1.24","1423.17","2.9","4.66","1606.83","0.88","0.66","750.85","0.6","0.6","986.76","8.38","5.3","631.86","0.1","0.09","968.75","0.0","0.0","0.0","0.22","1.55","7135.48"
"225","2017","12","Uttar Pradesh","Lucknow","51.62","139.73","2707.0","81.59","266.23","3263.0","0.8","0.9","1127.82","1.62","1.88","1166.56","0.93","0.88","942.18","0.75","0.88","1177.1","9.91","9.6","968.82","0.09","0.08","943.82","0.0","0.0","0.0","0.27","2.08","7808.61"
"226","2007","12","Uttar Pradesh","Unnao","90.52","173.33","1914.83","229.54","607.59","2646.99","1.8","1.72","955.56","36.72","44.97","1224.67","4.06","4.04","995.07","3.69","4.92","1333.33","30.7","16.67","543.0","3.04","2.66","875.0","0.01","0.0","0.0","1.44","7.48","5194.44"
"226","2008","12","Uttar Pradesh","Unnao","95.99","202.24","2106.89","232.48","687.08","2955.44","1.47","1.55","1054.42","35.29","43.87","1243.13","3.99","4.51","1130.33","3.34","6.02","1802.4","28.53","16.0","560.81","2.84","2.38","838.03","0.0","0.0","0.0","1.15","5.45","4739.13"
"226","2009","12","Uttar Pradesh","Unnao","70.56","125.14","1773.53","235.35","648.69","2756.28","1.36","1.18","867.65","25.29","33.52","1325.43","4.04","3.44","851.49","2.56","1.11","433.59","31.37","16.71","532.67","2.51","2.11","840.64","0.0","0.0","0.0","0.8","4.55","5687.5"
"226","2010","12","Uttar Pradesh","Unnao","88.19","146.54","1661.64","237.8","704.91","2964.3","1.46","1.63","1116.44","30.06","23.43","779.44","3.4","2.09","614.71","2.98","2.89","969.8","33.29","17.65","530.19","2.73","1.17","428.57","0.0","0.0","0.0","0.79","4.27","5405.06"
"226","2011","12","Uttar Pradesh","Unnao","96.84","172.11","1777.26","239.8","724.24","3020.18","1.41","1.51","1070.92","31.53","32.87","1042.5","3.22","5.11","1586.96","2.58","2.81","1089.15","35.17","17.85","507.53","2.86","1.73","604.9","0.0","0.0","0.0","0.78","4.67","5987.18"
"226","2012","12","Uttar Pradesh","Unnao","98.28","192.83","1962.05","240.11","686.0","2857.02","0.81","0.7","864.2","28.52","33.83","1186.19","3.07","3.64","1185.67","2.43","1.99","818.93","34.9","18.77","537.82","2.7","1.62","600.0","0.0","0.0","0.0","0.94","5.78","6148.94"
"226","2013","12","Uttar Pradesh","Unnao","102.46","218.23","2129.9","241.72","736.75","3047.95","0.96","0.77","802.08","27.93","44.06","1577.52","3.04","1.44","473.68","2.02","1.46","722.77","30.73","16.4","533.68","2.73","2.31","846.15","0.0","0.0","0.0","0.93","5.81","6247.31"
"226","2014","12","Uttar Pradesh","Unnao","96.44","161.82","1677.93","243.19","488.08","2006.99","1.12","1.25","1116.07","24.57","34.99","1424.09","3.04","1.54","506.58","2.16","0.97","449.07","0.0","0.0","0.0","1.95","1.73","887.18","0.0","0.0","0.0","0.7","4.58","6542.86"
"226","2015","12","Uttar Pradesh","Unnao","87.26","138.22","1584.0","237.76","528.31","2222.03","1.11","1.51","1360.36","26.07","39.86","1528.96","1.85","1.44","778.38","2.35","1.7","723.4","36.06","17.44","483.61","1.86","1.21","650.54","0.0","0.0","0.0","0.62","4.08","6597.74"
"226","2016","12","Uttar Pradesh","Unnao","99.89","193.98","1942.0","242.1","772.55","3191.0","1.22","1.66","1366.26","30.98","50.54","1631.69","2.59","2.31","892.28","2.17","1.79","828.25","35.0","21.05","601.53","2.8","1.59","565.98","0.0","0.0","0.0","0.78","5.58","7135.42"
"226","2017","12","Uttar Pradesh","Unnao","94.99","199.19","2097.0","244.36","798.32","3267.0","1.17","0.74","632.71","29.23","65.62","2245.41","2.97","3.85","1294.99","2.45","2.88","1177.07","34.44","23.06","669.43","2.66","2.3","862.94","0.0","0.0","0.0","0.61","4.78","7808.82"
"227","2007","12","Uttar Pradesh","Rae-Bareily","133.17","282.1","2118.35","187.53","437.02","2330.4","1.42","1.37","964.79","0.01","0.02","2000.0","6.97","6.94","995.7","9.93","9.1","916.41","24.39","14.1","578.11","2.19","1.39","634.7","0.0","0.0","0.0","5.03","19.61","3898.61"
"227","2008","12","Uttar Pradesh","Rae-Bareily","140.69","318.38","2262.99","188.18","479.25","2546.76","1.25","1.32","1056.0","0.13","0.15","1153.85","6.43","7.47","1161.74","6.65","4.8","721.8","20.79","11.19","538.24","1.86","1.38","741.94","0.0","0.0","0.0","4.35","15.0","3448.28"
"227","2009","12","Uttar Pradesh","Rae-Bareily","135.09","296.41","2194.17","190.31","476.78","2505.28","1.14","0.99","868.42","0.07","0.09","1285.71","6.03","5.6","928.69","4.62","2.93","634.2","24.9","14.99","602.01","1.37","0.94","686.13","0.0","0.0","0.0","3.0","8.97","2990.0"
"227","2010","12","Uttar Pradesh","Rae-Bareily","134.94","285.87","2118.4","184.03","501.86","2727.12","1.08","1.15","1064.28","0.29","0.28","950.56","7.13","5.19","728.78","7.74","5.64","728.38","25.09","15.65","623.73","1.42","1.64","1151.41","0.0","0.0","0.0","3.18","14.59","4594.62"
"227","2011","12","Uttar Pradesh","Rae-Bareily","136.95","311.28","2272.94","186.08","534.51","2872.48","1.02","1.26","1233.66","0.28","0.31","1076.31","6.66","8.75","1313.31","7.57","6.44","851.21","25.37","15.1","595.4","1.46","1.18","808.79","0.0","0.0","0.0","3.1","16.35","5283.28"
"227","2012","12","Uttar Pradesh","Rae-Bareily","135.76","338.49","2493.24","186.63","541.68","2902.44","0.73","0.63","857.07","0.24","0.28","1200.15","5.9","6.68","1133.48","6.71","5.47","814.1","25.39","13.89","546.85","1.46","0.93","638.06","0.0","0.0","0.0","2.96","15.9","5380.4"
"227","2013","12","Uttar Pradesh","Rae-Bareily","143.0","341.36","2387.15","189.97","531.76","2799.22","1.0","0.86","857.58","0.31","0.3","943.4","7.22","3.4","471.42","6.77","4.44","655.7","20.95","8.63","412.06","1.27","0.31","246.67","0.0","0.0","0.0","2.85","15.73","5520.08"
"227","2014","12","Uttar Pradesh","Rae-Bareily","146.52","310.62","2119.94","208.82","345.58","1654.89","0.69","0.76","1097.7","0.44","0.61","1387.47","5.75","1.3","226.17","6.27","2.05","326.39","0.0","0.0","0.0","1.12","0.45","401.79","0.0","0.0","0.0","3.0","16.87","5616.54"
"227","2015","12","Uttar Pradesh","Rae-Bareily","156.59","326.51","2085.17","208.37","426.84","2048.46","0.62","0.67","1075.02","0.3","0.3","980.18","5.91","0.81","136.59","5.52","2.91","527.85","25.24","9.35","370.35","0.61","0.17","278.69","0.0","0.0","0.0","2.35","13.08","5579.48"
"227","2016","12","Uttar Pradesh","Rae-Bareily","141.09","335.6","2378.7","188.83","606.89","3213.96","0.87","1.13","1294.22","0.43","0.64","1464.65","9.12","9.21","1010.51","6.68","4.95","740.52","24.08","11.96","496.74","0.97","0.3","309.47","0.0","0.0","0.0","4.16","24.31","5837.65"
"227","2017","12","Uttar Pradesh","Rae-Bareily","140.34","342.72","2442.01","188.22","661.65","3515.36","0.91","1.2","1312.51","0.55","1.03","1856.48","6.46","5.79","895.51","6.73","5.57","827.46","24.73","13.86","560.5","1.27","1.26","993.71","0.0","0.0","0.0","3.14","17.83","5676.94"
"228","2007","12","Uttar Pradesh","Sitapur","139.93","244.7","1748.73","211.53","585.86","2769.63","5.02","3.38","673.31","17.43","14.66","841.08","0.68","0.68","1000.0","6.44","6.85","1063.66","38.12","23.01","603.62","2.77","0.93","335.74","0.01","0.01","1000.0","138.97","724.09","5210.41"
"228","2008","12","Uttar Pradesh","Sitapur","147.15","255.45","1735.98","222.93","652.59","2927.33","3.2","2.64","825.0","16.99","7.64","449.68","0.61","0.69","1131.15","3.97","6.01","1513.85","35.42","24.29","685.77","1.9","1.17","615.79","0.02","0.01","500.0","122.59","542.97","4429.15"
"228","2009","12","Uttar Pradesh","Sitapur","157.48","289.67","1839.41","221.96","587.72","2647.86","3.74","2.12","566.84","17.47","14.21","813.39","0.85","0.72","847.06","5.2","4.67","898.08","41.73","30.37","727.77","1.59","0.9","566.04","0.0","0.0","0.0","112.55","611.15","5430.03"
"228","2010","12","Uttar Pradesh","Sitapur","159.03","314.28","1976.23","223.24","683.72","3062.71","3.11","2.54","816.72","15.93","12.19","765.22","0.56","0.35","625.0","4.73","5.29","1118.39","37.94","31.07","818.92","2.6","1.99","765.38","0.0","0.0","0.0","116.73","588.69","5043.18"
"228","2011","12","Uttar Pradesh","Sitapur","162.23","360.34","2221.17","214.57","678.04","3159.99","2.24","2.11","941.96","12.94","9.47","731.84","0.92","0.99","1076.09","4.08","4.05","992.65","33.25","25.36","762.71","2.7","2.32","859.26","0.0","0.0","0.0","126.33","713.74","5649.81"
"228","2012","12","Uttar Pradesh","Sitapur","162.23","388.54","2394.99","212.02","674.64","3181.96","1.99","1.69","849.25","13.23","12.73","962.21","0.25","0.29","1160.0","3.44","3.89","1130.81","34.79","24.54","705.38","2.61","2.1","804.6","0.0","0.0","0.0","133.67","844.31","6316.38"
"228","2013","12","Uttar Pradesh","Sitapur","169.74","414.0","2439.02","210.93","651.57","3089.03","1.87","1.52","812.83","11.19","10.8","965.15","0.59","0.28","474.58","3.6","3.3","916.67","32.39","19.0","586.6","2.16","1.2","555.56","0.0","0.0","0.0","144.14","932.26","6467.74"
"228","2014","12","Uttar Pradesh","Sitapur","164.2","383.09","2333.07","208.68","372.48","1784.93","2.48","2.58","1040.32","8.98","8.04","895.32","0.48","0.26","541.67","2.4","1.98","825.0","0.0","0.0","0.0","2.39","2.03","849.37","0.0","0.0","0.0","148.66","990.34","6661.78"
"228","2015","12","Uttar Pradesh","Sitapur","160.52","346.41","2158.05","214.59","533.26","2485.02","2.7","2.57","951.85","8.72","8.96","1027.52","0.34","0.17","500.0","1.87","3.39","1812.83","31.43","18.73","595.93","3.02","2.19","725.17","0.0","0.0","0.0","146.01","971.7","6655.2"
"228","2016","12","Uttar Pradesh","Sitapur","167.97","391.38","2330.0","212.21","715.56","3372.0","2.52","1.6","636.76","15.37","19.28","1254.08","0.57","0.43","749.57","3.83","6.7","1748.57","37.91","24.69","651.39","2.6","2.39","921.03","0.0","0.0","0.0","138.03","979.01","7092.8"
"228","2017","12","Uttar Pradesh","Sitapur","163.87","384.1","2344.0","210.93","685.96","3252.0","2.36","2.03","862.0","9.97","9.12","915.23","0.5","0.47","942.46","2.87","6.31","2197.91","31.48","22.82","724.94","2.31","2.2","954.03","0.0","0.0","0.0","153.46","1158.91","7552.0"
"229","2007","12","Uttar Pradesh","Hardoi","160.01","311.67","1947.82","323.3","964.01","2981.78","5.72","6.9","1206.29","50.95","75.31","1478.12","0.69","0.68","985.51","2.0","1.92","960.0","37.45","22.18","592.26","7.91","7.42","938.05","0.0","0.0","0.0","43.22","208.11","4815.13"
"229","2008","12","Uttar Pradesh","Hardoi","166.73","348.96","2092.96","331.22","1026.42","3098.91","4.83","5.77","1194.62","49.99","73.95","1479.3","0.69","0.78","1130.43","1.44","1.5","1041.67","34.86","22.53","646.3","7.26","5.17","712.12","0.01","0.01","1000.0","37.0","177.5","4797.3"
"229","2009","12","Uttar Pradesh","Hardoi","130.23","293.89","2256.7","343.09","1062.32","3096.33","4.37","4.82","1102.97","39.18","55.45","1415.26","0.75","0.64","853.33","3.16","2.3","727.85","37.23","26.62","715.01","7.3","7.0","958.9","0.0","0.0","0.0","28.34","144.2","5088.21"
"229","2010","12","Uttar Pradesh","Hardoi","141.17","288.7","2045.05","330.69","1103.32","3336.42","3.8","4.46","1173.68","39.7","46.68","1175.82","0.71","0.43","605.63","1.88","1.59","845.74","36.62","23.38","638.45","6.84","5.52","807.02","0.0","0.0","0.0","28.56","152.09","5325.28"
"229","2011","12","Uttar Pradesh","Hardoi","145.25","326.9","2250.6","331.47","1209.53","3648.99","4.04","3.94","975.25","37.66","49.78","1321.83","0.72","0.78","1083.33","1.61","1.41","875.78","35.12","24.9","709.0","9.08","8.21","904.19","0.0","0.0","0.0","32.52","183.43","5640.53"
"229","2012","12","Uttar Pradesh","Hardoi","144.52","354.64","2453.92","327.78","1041.83","3178.44","4.03","4.85","1203.47","36.86","70.6","1915.36","0.74","0.87","1175.68","1.64","1.33","810.98","36.72","25.1","683.55","10.19","10.63","1043.18","0.0","0.0","0.0","35.83","221.01","6168.29"
"229","2013","12","Uttar Pradesh","Hardoi","149.08","375.1","2516.1","318.25","1130.77","3553.09","3.78","4.49","1187.83","42.79","82.22","1921.48","0.89","0.42","471.91","1.53","1.12","732.03","27.79","18.71","673.26","8.91","10.17","1141.41","0.0","0.0","0.0","39.11","227.2","5809.26"
"229","2014","12","Uttar Pradesh","Hardoi","142.23","279.49","1965.06","326.19","719.26","2205.03","3.83","3.79","989.56","33.57","56.89","1694.67","0.48","0.26","541.67","1.45","0.56","386.21","0.0","0.0","0.0","7.25","6.89","950.34","0.0","0.0","0.0","37.03","222.62","6011.88"
"229","2015","12","Uttar Pradesh","Hardoi","133.84","301.95","2256.05","326.57","980.02","3000.95","3.59","5.1","1420.61","42.95","86.61","2016.53","0.5","0.25","500.0","1.45","1.28","882.76","33.3","19.66","590.45","8.49","7.5","883.39","0.0","0.0","0.0","36.89","230.42","6245.6"
"229","2016","12","Uttar Pradesh","Hardoi","141.44","338.75","2395.0","314.47","1143.43","3636.0","3.48","4.71","1353.36","37.34","90.69","2429.0","0.59","0.44","750.0","1.76","1.74","986.36","41.03","28.08","684.47","7.83","9.75","1245.02","0.0","0.0","1000.0","34.23","236.17","6900.0"
"229","2017","12","Uttar Pradesh","Hardoi","149.8","377.21","2518.0","314.43","1155.22","3674.0","3.39","4.39","1292.37","36.16","87.71","2425.74","1.33","1.25","942.06","1.62","1.91","1176.83","33.48","24.4","728.63","8.54","9.06","1061.04","0.0","0.0","1000.0","37.34","282.07","7553.2"
"230","2007","12","Uttar Pradesh","Kheri","183.0","375.83","2053.72","193.19","613.73","3176.82","0.28","0.27","964.29","9.73","8.98","922.92","0.07","0.07","1000.0","1.35","1.3","962.96","22.18","19.19","865.19","7.57","3.85","508.59","0.0","0.0","0.0","226.74","1205.33","5315.91"
"230","2008","12","Uttar Pradesh","Kheri","182.55","327.86","1796.0","197.0","663.74","3369.24","0.25","0.26","1040.0","9.88","8.15","824.9","0.09","0.1","1111.11","1.29","1.34","1038.76","22.87","18.13","792.74","7.57","3.99","527.08","0.0","0.0","0.0","224.3","1111.89","4957.16"
"230","2009","12","Uttar Pradesh","Kheri","185.14","366.58","1980.02","194.58","576.5","2962.79","0.15","0.13","866.67","9.69","8.6","887.51","0.09","0.08","888.89","1.17","0.85","726.5","22.61","17.53","775.32","7.57","5.27","696.17","0.0","0.0","0.0","219.41","1319.63","6014.45"
"230","2010","12","Uttar Pradesh","Kheri","188.22","400.8","2129.42","198.87","679.29","3415.75","0.33","0.37","1121.21","9.81","8.18","833.84","0.12","0.08","666.67","1.17","0.99","846.15","22.72","21.71","955.55","6.66","5.55","833.33","0.0","0.0","0.0","223.82","1251.76","5592.71"
"230","2011","12","Uttar Pradesh","Kheri","185.39","452.58","2441.23","193.04","667.86","3459.7","0.42","0.45","1071.43","9.1","8.93","981.32","0.13","0.14","1076.92","8.98","9.63","1072.38","13.32","9.7","728.23","8.01","6.27","782.77","0.0","0.0","0.0","233.99","1448.85","6191.93"
"230","2012","12","Uttar Pradesh","Kheri","186.68","478.46","2563.0","183.94","640.47","3481.95","0.53","0.45","849.06","10.22","11.43","1118.4","0.15","0.18","1200.0","1.1","0.89","809.09","17.49","13.6","777.59","8.26","6.25","756.66","0.0","0.0","0.0","238.23","1435.97","6027.66"
"230","2013","12","Uttar Pradesh","Kheri","173.56","467.91","2695.96","195.58","705.44","3606.91","0.55","0.44","800.0","8.28","15.35","1853.86","0.23","0.11","478.26","1.03","0.76","737.86","15.95","11.89","745.45","5.77","4.13","715.77","0.0","0.0","0.0","240.04","1504.07","6265.91"
"230","2014","12","Uttar Pradesh","Kheri","157.23","428.28","2723.91","185.83","498.17","2680.78","0.28","0.31","1107.14","7.96","11.14","1399.5","0.12","0.07","583.33","0.83","0.32","385.54","0.0","0.0","0.0","6.96","5.64","810.34","0.0","0.0","0.0","268.65","1775.8","6610.09"
"230","2015","12","Uttar Pradesh","Kheri","158.81","417.52","2629.05","176.6","599.2","3392.98","0.28","0.32","1142.86","6.5","9.63","1481.54","0.07","0.03","428.57","0.58","0.51","879.31","17.42","15.3","878.48","4.34","3.64","838.71","0.0","0.0","0.0","277.3","1841.82","6642.0"
"230","2016","12","Uttar Pradesh","Kheri","182.52","506.32","2774.0","192.36","727.5","3782.0","0.56","0.8","1424.24","9.82","18.24","1857.36","0.33","0.25","751.53","1.88","1.86","986.18","19.44","16.11","828.72","6.74","6.3","935.0","0.0","0.0","0.0","245.84","1769.78","7198.8"
"230","2017","12","Uttar Pradesh","Kheri","181.78","568.24","3126.0","188.6","775.53","4112.0","0.64","0.72","1128.13","8.41","12.96","1541.1","0.4","0.38","940.15","0.87","1.02","1176.47","20.45","15.84","774.57","6.49","5.18","798.98","0.0","0.0","0.0","248.13","2002.65","8070.8"
"231","2007","12","Uttar Pradesh","Faizabad","207.28","489.37","2360.91","220.48","665.66","3019.14","0.05","0.08","1600.0","3.79","4.86","1282.32","2.61","2.7","1034.48","6.17","6.99","1132.9","16.42","12.21","743.61","0.02","0.01","500.0","0.0","0.0","0.0","34.38","185.14","5385.11"
"231","2008","12","Uttar Pradesh","Faizabad","210.1","537.02","2556.02","224.05","688.69","3073.82","0.04","0.06","1500.0","3.49","3.4","974.21","2.85","2.93","1028.07","4.61","4.42","958.79","16.39","13.64","832.21","0.01","0.01","1000.0","0.0","0.0","0.0","32.5","147.66","4543.38"
"231","2009","12","Uttar Pradesh","Faizabad","210.46","517.46","2458.71","226.65","651.82","2875.89","0.02","0.03","1500.0","3.58","4.45","1243.02","2.74","2.74","1000.0","4.78","4.54","949.79","15.44","14.69","951.42","0.0","0.0","0.0","0.0","0.0","0.0","29.26","156.71","5355.78"
"231","2010","12","Uttar Pradesh","Faizabad","213.55","518.98","2430.25","226.68","701.52","3094.76","0.01","0.01","1000.0","3.2","3.75","1171.88","2.81","3.25","1156.58","4.7","7.02","1493.62","15.47","12.07","780.22","0.0","0.0","0.0","0.0","0.0","0.0","31.7","167.1","5271.29"
"231","2011","12","Uttar Pradesh","Faizabad","214.45","547.45","2552.81","227.49","720.28","3166.21","0.02","0.04","2000.0","3.33","4.25","1276.28","2.86","4.02","1405.59","4.51","5.12","1135.25","16.23","13.08","805.91","0.0","0.0","0.0","0.0","0.0","0.0","32.0","188.01","5875.31"
"231","2012","12","Uttar Pradesh","Faizabad","215.59","573.06","2658.1","225.15","711.07","3158.21","0.02","0.02","1000.0","3.74","5.22","1395.72","2.97","2.7","909.09","4.32","4.49","1039.35","14.36","11.16","777.16","0.0","0.0","0.0","0.0","0.0","0.0","33.57","212.55","6331.55"
"231","2013","12","Uttar Pradesh","Faizabad","219.18","586.77","2677.11","227.52","676.99","2975.52","0.05","0.05","1000.0","2.0","1.55","775.0","3.0","1.11","370.0","3.91","3.01","769.82","12.9","4.01","310.85","0.0","0.0","0.0","0.0","0.0","0.0","31.21","200.95","6438.64"
"231","2014","12","Uttar Pradesh","Faizabad","213.2","498.52","2338.27","230.39","503.08","2183.6","0.03","0.04","1333.33","3.61","4.57","1265.93","3.8","1.2","315.79","4.67","2.26","483.94","0.0","0.0","0.0","0.0","0.0","0.0","0.0","0.0","0.0","31.46","204.39","6496.82"
"231","2015","12","Uttar Pradesh","Faizabad","205.4","431.45","2100.54","229.44","681.93","2972.15","0.02","0.01","500.0","4.17","4.56","1093.53","2.8","1.69","603.57","5.02","4.27","850.6","15.0","9.69","646.09","0.0","0.0","0.0","0.0","0.0","0.0","25.32","162.88","6433.8"
"231","2016","12","Uttar Pradesh","Faizabad","213.98","545.34","2548.56","230.51","789.28","3424.09","0.01","0.01","888.89","3.19","4.27","1338.24","2.98","5.35","1791.55","4.47","3.74","838.52","15.5","10.42","672.04","0.0","0.0","0.0","0.0","0.0","0.0","33.44","233.06","6969.0"
"231","2017","12","Uttar Pradesh","Faizabad","220.25","643.48","2921.54","227.07","897.2","3951.24","0.01","0.02","2000.0","3.59","6.96","1938.7","2.91","2.19","753.61","4.55","3.45","758.8","16.76","14.72","878.51","0.0","0.0","0.0","0.0","0.0","0.0","31.94","242.55","7594.51"
"232","2007","12","Uttar Pradesh","Gonda","221.15","445.78","2015.74","249.68","769.52","3082.03","0.11","0.17","1545.45","63.23","61.82","977.7","2.02","1.46","722.77","13.25","9.98","753.21","40.33","39.85","988.1","0.21","0.13","619.05","0.0","0.0","0.0","122.14","583.85","4780.17"
"232","2008","12","Uttar Pradesh","Gonda","227.8","535.98","2352.85","241.44","696.68","2885.52","0.0","0.0","0.0","59.35","38.35","646.17","1.2","1.2","1000.0","11.98","8.0","667.78","46.69","43.05","922.04","0.04","0.03","750.0","0.0","0.0","0.0","114.38","458.35","4007.26"
"232","2009","12","Uttar Pradesh","Gonda","224.63","441.09","1963.63","242.89","673.75","2773.89","0.0","0.0","0.0","62.46","66.59","1066.12","1.15","0.96","834.78","12.45","5.4","433.73","48.29","42.97","889.83","0.03","0.03","1000.0","0.0","0.0","0.0","119.67","593.09","4956.05"
"232","2010","12","Uttar Pradesh","Gonda","229.06","509.24","2223.17","243.68","707.04","2901.51","0.0","0.0","0.0","62.13","64.21","1033.48","1.15","1.02","886.96","13.21","6.69","506.43","47.06","39.02","829.15","0.04","0.04","1000.0","0.0","0.0","0.0","121.59","641.63","5277.0"
"232","2011","12","Uttar Pradesh","Gonda","234.18","526.48","2248.19","241.58","716.28","2964.98","0.0","0.0","0.0","58.99","64.54","1094.08","1.16","1.36","1172.41","12.17","5.09","418.24","51.16","41.73","815.68","0.05","0.05","1000.0","0.0","0.0","0.0","124.67","706.0","5662.95"
"232","2012","12","Uttar Pradesh","Gonda","228.79","535.3","2339.7","243.63","692.46","2842.26","0.0","0.0","0.0","57.12","67.04","1173.67","1.18","1.31","1110.17","14.04","8.33","593.3","47.02","42.51","904.08","0.05","0.05","1000.0","0.0","0.0","0.0","126.14","701.84","5563.98"
"232","2013","12","Uttar Pradesh","Gonda","232.16","543.38","2340.54","239.1","693.72","2901.38","0.0","0.0","0.0","48.4","55.61","1148.97","0.98","0.42","428.57","13.53","7.71","569.84","50.31","44.06","875.77","0.04","0.04","1000.0","0.0","0.0","0.0","125.22","681.02","5438.59"
"232","2014","12","Uttar Pradesh","Gonda","242.56","476.73","1965.41","245.24","591.59","2412.29","0.0","0.0","0.0","54.77","66.42","1212.71","1.07","0.32","299.07","15.35","9.0","586.32","0.0","0.0","0.0","0.01","0.01","1000.0","0.0","0.0","0.0","122.98","631.67","5136.36"
"232","2015","12","Uttar Pradesh","Gonda","232.82","452.05","1941.63","243.66","641.62","2633.26","0.0","0.0","0.0","27.29","29.65","1086.48","1.59","1.55","974.84","12.21","7.94","650.29","44.95","38.66","859.99","0.02","0.01","500.0","0.0","0.0","0.0","116.88","633.72","5421.82"
"232","2016","12","Uttar Pradesh","Gonda","247.76","554.25","2237.05","243.52","733.88","3013.58","0.0","0.0","0.0","55.67","69.27","1244.32","1.34","1.46","1085.57","14.26","8.84","619.85","48.28","42.86","887.79","0.02","0.02","875.0","0.0","0.0","0.0","121.59","707.38","5817.63"
"232","2017","12","Uttar Pradesh","Gonda","232.55","556.96","2394.98","237.01","765.09","3228.03","0.0","0.0","0.0","51.0","65.22","1278.78","1.12","1.17","1047.24","14.61","10.75","735.69","45.96","42.45","923.63","0.03","0.03","1000.0","0.0","0.0","0.0","123.7","847.91","6854.44"
"233","2007","12","Uttar Pradesh","Bahraich","229.99","425.01","1847.95","216.42","567.37","2621.62","0.01","0.03","3000.0","98.56","104.68","1062.09","0.69","0.5","724.64","7.21","5.42","751.73","73.26","59.01","805.49","1.66","0.96","578.31","0.06","0.04","666.67","24.9","134.09","5385.14"
"233","2008","12","Uttar Pradesh","Bahraich","229.59","475.7","2071.95","215.77","581.66","2695.74","0.01","0.02","2000.0","89.71","87.5","975.37","0.66","0.67","1015.15","6.31","4.22","668.78","74.68","63.81","854.45","1.54","1.13","733.77","0.05","0.05","1000.0","29.7","130.62","4397.98"
"233","2009","12","Uttar Pradesh","Bahraich","230.87","474.45","2055.05","220.61","578.92","2624.18","0.02","0.03","1500.0","96.34","100.41","1042.25","0.42","0.35","833.33","7.03","3.05","433.85","75.32","60.29","800.45","1.86","1.22","655.91","0.0","0.0","0.0","27.24","129.81","4765.42"
"233","2010","12","Uttar Pradesh","Bahraich","235.85","475.82","2017.47","223.9","636.22","2841.54","0.03","0.05","1666.67","93.82","102.73","1094.97","0.34","0.3","882.35","6.48","2.88","444.44","73.72","62.04","841.56","1.86","1.84","989.25","0.05","0.07","1400.0","27.5","143.5","5218.18"
"233","2011","12","Uttar Pradesh","Bahraich","235.19","491.18","2088.44","222.77","676.95","3038.78","0.02","0.04","2000.0","90.59","105.59","1165.58","0.33","0.4","1212.12","3.29","1.6","486.32","73.46","61.15","832.43","1.81","1.79","988.95","0.0","0.0","0.0","27.39","168.59","6155.17"
"233","2012","12","Uttar Pradesh","Bahraich","232.68","544.28","2339.18","223.94","627.16","2800.57","0.02","0.04","2000.0","90.12","110.97","1231.36","0.36","0.4","1111.11","5.38","3.03","563.2","62.93","55.66","884.47","1.7","1.68","988.24","0.05","0.08","1600.0","31.46","170.64","5424.03"
"233","2013","12","Uttar Pradesh","Bahraich","234.37","531.06","2265.9","238.76","759.17","3179.64","0.02","0.05","2500.0","94.45","121.46","1285.97","0.12","0.06","500.0","5.46","2.96","542.12","66.5","60.5","909.77","1.77","1.58","892.66","0.05","0.03","600.0","31.23","173.68","5561.32"
"233","2014","12","Uttar Pradesh","Bahraich","245.2","541.57","2208.69","234.04","576.51","2463.3","0.03","0.06","2000.0","80.62","99.4","1232.94","0.34","0.11","323.53","5.6","2.52","450.0","0.0","0.0","0.0","1.7","1.47","864.71","0.05","0.04","800.0","45.42","258.55","5692.43"
"233","2015","12","Uttar Pradesh","Bahraich","240.68","458.91","1906.72","253.29","673.65","2659.6","0.01","0.01","1000.0","62.53","71.88","1149.53","0.19","0.19","1000.0","4.22","2.94","696.68","61.15","49.4","807.92","1.1","0.74","672.73","0.0","0.0","250.0","55.9","327.2","5852.93"
"233","2016","12","Uttar Pradesh","Bahraich","231.43","548.93","2371.89","230.5","717.42","3112.5","0.02","0.03","1888.89","100.5","138.9","1382.05","0.1","0.1","1084.21","5.75","3.61","627.83","69.08","58.08","840.72","1.64","1.49","903.89","0.05","0.03","666.67","29.98","191.62","6392.37"
"233","2017","12","Uttar Pradesh","Bahraich","239.92","612.52","2553.03","236.37","850.34","3597.53","0.02","0.05","1916.67","92.37","154.36","1671.19","0.34","0.36","1049.71","5.3","3.53","665.41","70.8","115.9","1636.94","1.86","1.88","1012.92","0.05","0.04","784.31","30.6","216.28","7068.55"
"234","2007","12","Uttar Pradesh","Sultanpur","158.61","326.12","2056.11","167.12","466.98","2794.28","0.24","0.37","1541.67","4.74","6.27","1322.78","6.79","6.99","1029.46","8.35","10.79","1292.22","26.39","24.49","928.0","0.02","0.01","500.0","0.0","0.0","0.0","10.51","53.27","5068.51"
"234","2008","12","Uttar Pradesh","Sultanpur","159.67","350.95","2197.97","167.73","473.63","2823.76","0.25","0.42","1680.0","4.95","4.54","917.17","6.74","6.96","1032.64","7.83","7.68","980.84","26.96","23.82","883.53","0.03","0.02","666.67","0.0","0.0","0.0","10.43","48.04","4605.94"
"234","2009","12","Uttar Pradesh","Sultanpur","157.32","357.51","2272.5","168.45","460.16","2731.73","0.27","0.45","1666.67","5.34","7.66","1434.46","6.77","6.79","1002.95","6.41","7.69","1199.69","29.35","28.52","971.72","0.02","0.01","500.0","0.0","0.0","0.0","10.26","51.97","5065.3"
"234","2010","12","Uttar Pradesh","Sultanpur","159.85","363.21","2272.28","173.92","524.45","3015.4","0.47","0.41","872.32","5.23","5.45","1042.9","5.75","6.59","1144.8","8.01","17.7","2210.13","27.04","20.55","759.99","0.03","0.01","389.71","0.0","0.0","0.0","10.04","44.93","4473.08"
"234","2011","12","Uttar Pradesh","Sultanpur","160.34","381.03","2376.39","175.01","535.58","3060.28","0.42","0.78","1858.61","5.15","5.99","1164.86","5.69","7.75","1362.64","7.81","10.86","1389.74","26.69","22.02","824.8","0.03","0.02","610.29","0.0","0.0","0.0","9.92","59.3","5974.66"
"234","2012","12","Uttar Pradesh","Sultanpur","160.78","410.64","2554.09","176.23","545.06","3092.88","0.42","0.35","843.58","4.94","6.99","1413.21","5.13","3.66","712.21","7.89","6.78","860.27","27.8","20.18","726.12","0.03","0.03","1000.0","0.0","0.0","0.0","10.33","62.91","6087.19"
"234","2013","12","Uttar Pradesh","Sultanpur","163.21","386.45","2367.79","176.23","427.57","2426.17","0.6","0.57","954.72","4.89","2.42","496.12","5.48","2.06","375.34","7.81","5.13","656.97","20.72","6.64","320.31","0.03","0.02","610.29","0.0","0.0","0.0","11.1","61.23","5516.02"
"234","2014","12","Uttar Pradesh","Sultanpur","140.23","235.25","1677.64","158.29","337.1","2129.69","0.26","0.32","1240.41","4.89","3.91","799.76","4.05","1.28","315.88","7.4","3.57","482.95","0.0","0.0","0.0","0.02","0.01","500.0","0.0","0.0","0.0","11.86","70.55","5950.41"
"234","2015","12","Uttar Pradesh","Sultanpur","151.91","309.77","2039.13","169.27","455.75","2692.46","0.25","0.13","531.46","4.92","3.02","614.68","2.49","1.5","602.97","9.33","7.91","847.39","24.07","15.6","648.33","0.02","0.01","500.0","0.0","0.0","0.0","10.2","56.03","5493.6"
"234","2016","12","Uttar Pradesh","Sultanpur","161.92","376.08","2322.67","172.99","562.49","3251.56","0.37","0.3","800.38","4.91","3.68","749.45","3.84","6.88","1791.71","7.69","6.45","838.38","26.36","18.45","699.8","0.02","0.02","903.98","0.0","0.0","0.0","10.84","69.28","6393.79"
"234","2017","12","Uttar Pradesh","Sultanpur","160.48","463.45","2887.88","187.46","744.21","3970.09","0.39","0.78","1972.56","5.35","9.28","1735.2","3.33","2.51","753.98","7.31","5.54","758.66","28.8","26.25","911.59","0.03","0.03","1000.0","0.0","0.0","0.0","10.35","66.7","6441.11"
"235","2007","12","Uttar Pradesh","Pratapgarh","93.97","180.43","1920.08","146.25","338.86","2316.99","10.08","7.46","740.08","0.95","1.38","1452.63","3.94","3.86","979.7","6.81","6.09","894.27","15.44","10.57","684.59","0.0","0.0","0.0","0.0","0.0","0.0","1.14","5.12","4491.23"
"235","2008","12","Uttar Pradesh","Pratapgarh","97.97","214.64","2190.87","146.43","398.09","2718.64","10.98","7.67","698.54","0.68","1.04","1529.41","3.35","2.81","838.81","7.05","7.31","1036.88","14.95","9.54","638.13","0.0","0.0","0.0","0.0","0.0","0.0","0.95","5.27","5547.37"
"235","2009","12","Uttar Pradesh","Pratapgarh","96.66","205.45","2125.49","146.93","349.92","2381.54","10.62","6.63","624.29","0.6","0.87","1450.0","3.72","2.33","626.34","7.5","7.27","969.33","14.19","8.68","611.7","0.0","0.0","0.0","0.0","0.0","0.0","0.91","4.0","4395.6"
"235","2010","12","Uttar Pradesh","Pratapgarh","97.44","195.82","2009.65","147.75","415.69","2813.47","10.44","7.92","758.62","0.87","0.78","896.55","3.71","3.31","892.18","6.7","6.88","1026.87","15.77","10.7","678.5","0.0","0.0","0.0","0.0","0.0","0.0","1.08","6.29","5824.07"
"235","2011","12","Uttar Pradesh","Pratapgarh","97.81","226.62","2316.94","147.42","432.44","2933.39","10.31","7.85","761.4","0.85","0.86","1011.76","3.69","4.11","1113.82","6.67","7.76","1163.42","16.09","11.45","711.62","0.0","0.0","0.0","0.0","0.0","0.0","1.01","5.67","5613.86"
"235","2012","12","Uttar Pradesh","Pratapgarh","99.17","240.99","2430.07","146.68","413.04","2815.93","10.95","8.42","768.95","0.79","0.91","1151.9","3.77","3.39","899.2","6.72","7.77","1156.25","16.5","12.55","760.61","0.0","0.0","0.0","0.0","0.0","0.0","1.04","6.35","6105.77"
"235","2013","12","Uttar Pradesh","Pratapgarh","99.25","237.79","2395.87","147.81","415.65","2812.06","10.82","8.85","817.93","0.54","0.59","1092.59","3.32","2.64","795.18","7.13","8.94","1253.86","9.83","8.18","832.15","0.0","0.0","0.0","0.0","0.0","0.0","1.0","6.82","6820.0"
"235","2014","12","Uttar Pradesh","Pratapgarh","104.14","235.68","2263.11","138.56","191.9","1384.96","9.86","7.73","783.98","0.61","1.08","1770.49","2.95","1.68","569.49","6.1","5.5","901.64","0.0","0.0","0.0","0.0","0.0","0.0","0.0","0.0","0.0","0.85","5.57","6552.94"
"235","2015","12","Uttar Pradesh","Pratapgarh","124.7","224.34","1799.04","169.73","371.37","2188.0","9.28","6.68","719.83","0.55","0.49","890.91","2.86","2.35","821.68","5.07","5.3","1045.36","13.12","8.54","650.77","0.0","0.0","0.0","0.0","0.0","0.0","0.84","5.66","6703.2"
"235","2016","12","Uttar Pradesh","Pratapgarh","99.01","217.03","2192.0","150.56","463.73","3080.0","10.28","8.54","830.56","0.63","1.22","1928.91","3.45","3.12","904.69","6.71","8.39","1250.75","15.85","12.13","764.95","0.0","0.0","1000.0","0.0","0.0","0.0","0.98","7.15","7266.67"
"235","2017","12","Uttar Pradesh","Pratapgarh","96.36","227.79","2364.0","148.32","469.72","3167.0","9.44","7.4","783.56","0.6","1.35","2251.25","3.35","3.93","1172.49","6.1","5.18","848.08","15.73","11.48","729.51","0.0","0.0","1000.0","0.0","0.0","0.0","0.83","3.05","3672.77"
"236","2007","12","Uttar Pradesh","Barabanki","167.79","252.79","1506.59","151.91","453.42","2984.79","0.91","1.41","1549.45","5.75","4.15","721.74","0.88","0.91","1034.09","3.85","4.36","1132.47","37.08","28.84","777.78","0.81","0.47","580.25","0.0","0.0","0.0","14.02","75.8","5406.56"
"236","2008","12","Uttar Pradesh","Barabanki","170.33","349.52","2052.02","160.46","492.38","3068.55","0.72","1.2","1666.67","5.26","0.8","152.09","0.78","0.8","1025.64","3.1","2.98","961.29","29.13","21.99","754.89","0.63","0.46","730.16","0.0","0.0","0.0","11.7","59.35","5072.65"
"236","2009","12","Uttar Pradesh","Barabanki","176.86","407.29","2302.89","167.06","513.56","3074.11","0.7","1.18","1685.71","5.07","3.02","595.66","1.04","1.03","990.38","2.98","3.14","1053.69","27.64","20.32","735.17","0.47","0.31","659.57","0.0","0.0","0.0","8.69","46.29","5326.81"
"236","2010","12","Uttar Pradesh","Barabanki","178.44","422.32","2366.73","167.92","544.64","3243.45","0.64","0.55","859.38","4.75","4.22","888.42","0.88","1.02","1159.09","2.45","2.2","897.96","28.39","21.7","764.35","0.4","0.2","500.0","0.0","0.0","0.0","7.23","40.01","5533.89"
"236","2011","12","Uttar Pradesh","Barabanki","177.97","491.56","2762.04","165.52","579.9","3503.5","0.61","1.13","1852.46","4.62","4.31","932.9","0.71","1.0","1408.45","2.1","2.3","1095.24","26.85","19.05","709.5","0.41","0.24","585.37","0.03","0.04","1333.33","9.58","53.55","5589.77"
"236","2012","12","Uttar Pradesh","Barabanki","183.96","562.37","3057.02","162.34","603.26","3716.03","0.52","0.34","653.85","3.94","3.06","776.65","0.8","0.73","912.5","1.53","1.59","1039.22","25.33","17.46","689.3","0.4","0.4","1000.0","0.0","0.0","0.0","9.75","58.78","6028.72"
"236","2013","12","Uttar Pradesh","Barabanki","181.24","517.97","2857.92","166.53","590.69","3547.05","0.48","0.45","937.5","3.46","3.42","988.44","0.62","0.23","370.97","1.66","1.28","771.08","22.8","12.22","535.96","0.36","0.29","805.56","0.0","0.0","0.0","9.88","60.51","6124.49"
"236","2014","12","Uttar Pradesh","Barabanki","191.88","529.6","2760.06","165.45","392.11","2369.96","0.58","0.71","1224.14","3.36","2.9","863.1","0.7","0.22","314.29","1.54","0.76","493.51","0.0","0.0","0.0","0.22","0.11","500.0","0.0","0.0","0.0","9.74","56.41","5791.58"
"236","2015","12","Uttar Pradesh","Barabanki","186.63","513.41","2750.95","167.62","498.34","2973.03","0.45","0.24","533.33","3.07","1.96","638.44","0.45","0.27","600.0","1.04","0.84","807.69","19.99","9.33","466.7","0.05","0.02","400.0","0.0","0.0","0.0","9.13","54.95","6020.0"
"236","2016","12","Uttar Pradesh","Barabanki","183.33","499.76","2726.0","166.97","606.94","3635.0","0.42","0.31","736.34","4.07","3.26","799.26","0.69","1.23","1791.0","2.05","1.72","838.3","26.07","21.85","838.06","0.22","0.2","903.23","0.0","0.0","0.0","8.76","61.66","7036.8"
"236","2017","12","Uttar Pradesh","Barabanki","181.6","520.66","2867.0","168.35","677.09","4022.0","0.55","1.09","1972.83","4.45","8.31","1869.38","0.78","0.59","753.53","1.93","1.46","758.82","24.97","19.34","774.72","0.18","0.18","1011.11","0.0","0.0","0.0","9.25","73.55","7947.6"